Gene,1416_scaffolds,BAKTA_bbacilliformis14.fna,BAKTA_bbacilliformis15.fna,BAKTA_bbacilliformis16.fna,BAKTA_bbacilliformis21.fna,BAKTA_bbacilliformis22.fna,BAKTA_bbacilliformis23.fna,BAKTA_bbacilliformis24.fna,BAKTA_bbacilliformis25.fna,BAKTA_bbacilliformis26.fna,BAKTA_bbacilliformis27.fna,BAKTA_bbacilliformis28.fna,BAKTA_bbacilliformis29.fna,BAKTA_bbacilliformis30.fna,BAKTA_bbacilliformis31.fna,BAKTA_bbacilliformis32.fna,BAKTA_bbacilliformis33.fna,BAKTA_bbacilliformis34.fna,BAKTA_bbacilliformis35.fna
group_828,1,1,1,1,1,1,1,1,1,1,1,1,1,1,1,1,1,1,1
group_827,1,1,1,1,1,1,1,1,1,1,1,1,1,1,1,1,1,1,1
mutL,1,1,1,1,1,1,1,1,1,1,1,1,1,1,1,1,1,1,1
group_826,1,1,1,1,1,1,1,1,1,1,1,1,1,1,1,1,1,1,1
lpxK,1,1,1,1,1,1,1,1,1,1,1,1,1,1,1,1,1,1,1
waaA,1,1,1,1,1,1,1,1,1,1,1,1,1,1,1,1,1,1,1
group_825,1,1,1,1,1,1,1,1,1,1,1,1,1,1,1,1,1,1,1
group_824,1,1,1,1,1,1,1,1,1,1,1,1,1,1,1,1,1,1,1
group_823,1,1,1,1,1,1,1,1,1,1,1,1,1,1,1,1,1,1,1
group_822,1,1,1,1,1,1,1,1,1,1,1,1,1,1,1,1,1,1,1
rsmD,1,1,1,1,1,1,1,1,1,1,1,1,1,1,1,1,1,1,1
group_821,1,1,1,1,1,1,1,1,1,1,1,1,1,1,1,1,1,1,1
group_820,1,1,1,1,1,1,1,1,1,1,1,1,1,1,1,1,1,1,1
hisS,1,1,1,1,1,1,1,1,1,1,1,1,1,1,1,1,1,1,1
group_818,1,1,1,1,1,1,1,1,1,1,1,1,1,1,1,1,1,1,1
group_817,1,1,1,1,1,1,1,1,1,1,1,1,1,1,1,1,1,1,1
ileS,1,1,1,1,1,1,1,1,1,1,1,1,1,1,1,1,1,1,1
group_816,1,1,1,1,1,1,1,1,1,1,1,1,1,1,1,1,1,1,1
group_815,1,1,1,1,1,1,1,1,1,1,1,1,1,1,1,1,1,1,1
fumC,1,1,1,1,1,1,1,1,1,1,1,1,1,1,1,1,1,1,1
groES,1,1,1,1,1,1,1,1,1,1,1,1,1,1,1,1,1,1,1
groL,1,1,1,1,1,1,1,1,1,1,1,1,1,1,1,1,1,1,1
group_813,1,1,1,1,1,1,1,1,1,1,1,1,1,1,1,1,1,1,1
group_812,1,1,1,1,1,1,1,1,1,1,1,1,1,1,1,1,1,1,1
group_810,1,1,1,1,1,1,1,1,1,1,1,1,1,1,1,1,1,1,1
group_809,1,1,1,1,1,1,1,1,1,1,1,1,1,1,1,1,1,1,1
dnaE,1,1,1,1,1,1,1,1,1,1,1,1,1,1,1,1,1,1,1
group_808,1,1,1,1,1,1,1,1,1,1,1,1,1,1,1,1,1,1,1
group_807,1,1,1,1,1,1,1,1,1,1,1,1,1,1,1,1,1,1,1
group_806,1,1,1,1,1,1,1,1,1,1,1,1,1,1,1,1,1,1,1
aspS,1,1,1,1,1,1,1,1,1,1,1,1,1,1,1,1,1,1,1
parC,1,1,1,1,1,1,1,1,1,1,1,1,1,1,1,1,1,1,1
group_805,1,1,1,1,1,1,1,1,1,1,1,1,1,1,1,1,1,1,1
grxD,1,1,1,1,1,1,1,1,1,1,1,1,1,1,1,1,1,1,1
group_804,1,1,1,1,1,1,1,1,1,1,1,1,1,1,1,1,1,1,1
group_803,1,1,1,1,1,1,1,1,1,1,1,1,1,1,1,1,1,1,1
group_802,1,1,1,1,1,1,1,1,1,1,1,1,1,1,1,1,1,1,1
purL,1,1,1,1,1,1,1,1,1,1,1,1,1,1,1,1,1,1,1
group_801,1,1,1,1,1,1,1,1,1,1,1,1,1,1,1,1,1,1,1
group_800,1,1,1,1,1,1,1,1,1,1,1,1,1,1,1,1,1,1,1
rlmN,1,1,1,1,1,1,1,1,1,1,1,1,1,1,1,1,1,1,1
group_799,1,1,1,1,1,1,1,1,1,1,1,1,1,1,1,1,1,1,1
group_798,1,1,1,1,1,1,1,1,1,1,1,1,1,1,1,1,1,1,1
purQ,1,1,1,1,1,1,1,1,1,1,1,1,1,1,1,1,1,1,1
purS,1,1,1,1,1,1,1,1,1,1,1,1,1,1,1,1,1,1,1
clpS,1,1,1,1,1,1,1,1,1,1,1,1,1,1,1,1,1,1,1
clpA,1,1,1,1,1,1,1,1,1,1,1,1,1,1,1,1,1,1,1
group_797,1,1,1,1,1,1,1,1,1,1,1,1,1,1,1,1,1,1,1
group_796,1,1,1,1,1,1,1,1,1,1,1,1,1,1,1,1,1,1,1
group_795,1,1,1,1,1,1,1,1,1,1,1,1,1,1,1,1,1,1,1
group_794,1,1,1,1,1,1,1,1,1,1,1,1,1,1,1,1,1,1,1
argG,1,1,1,1,1,1,1,1,1,1,1,1,1,1,1,1,1,1,1
group_793,1,1,1,1,1,1,1,1,1,1,1,1,1,1,1,1,1,1,1
group_792,1,1,1,1,1,1,1,1,1,1,1,1,1,1,1,1,1,1,1
group_791,1,1,1,1,1,1,1,1,1,1,1,1,1,1,1,1,1,1,1
xseA,1,1,1,1,1,1,1,1,1,1,1,1,1,1,1,1,1,1,1
purC,1,1,1,1,1,1,1,1,1,1,1,1,1,1,1,1,1,1,1
group_790,1,1,1,1,1,1,1,1,1,1,1,1,1,1,1,1,1,1,1
group_789,1,1,1,1,1,1,1,1,1,1,1,1,1,1,1,1,1,1,1
group_787,1,1,1,1,1,1,1,1,1,1,1,1,1,1,1,1,1,1,1
lptF,1,1,1,1,1,1,1,1,1,1,1,1,1,1,1,1,1,1,1
ptsN,1,1,1,1,1,1,1,1,1,1,1,1,1,1,1,1,1,1,1
lysS,1,1,1,1,1,1,1,1,1,1,1,1,1,1,1,1,1,1,1
prfC,1,1,1,1,1,1,1,1,1,1,1,1,1,1,1,1,1,1,1
hdaA,1,1,1,1,1,1,1,1,1,1,1,1,1,1,1,1,1,1,1
group_786,1,1,1,1,1,1,1,1,1,1,1,1,1,1,1,1,1,1,1
group_785,1,1,1,1,1,1,1,1,1,1,1,1,1,1,1,1,1,1,1
group_784,1,1,1,1,1,1,1,1,1,1,1,1,1,1,1,1,1,1,1
group_783,1,1,1,1,1,1,1,1,1,1,1,1,1,1,1,1,1,1,1
ndk,1,1,1,1,1,1,1,1,1,1,1,1,1,1,1,1,1,1,1
group_782,1,1,1,1,1,1,1,1,1,1,1,1,1,1,1,1,1,1,1
purB,1,1,1,1,1,1,1,1,1,1,1,1,1,1,1,1,1,1,1
rpe,1,1,1,1,1,1,1,1,1,1,1,1,1,1,1,1,1,1,1
group_780,1,1,1,1,1,1,1,1,1,1,1,1,1,1,1,1,1,1,1
purA,1,1,1,1,1,1,1,1,1,1,1,1,1,1,1,1,1,1,1
group_779,1,1,1,1,1,1,1,1,1,1,1,1,1,1,1,1,1,1,1
lptG,1,1,1,1,1,1,1,1,1,1,1,1,1,1,1,1,1,1,1
group_778,1,1,1,1,1,1,1,1,1,1,1,1,1,1,1,1,1,1,1
lptB,1,1,1,1,1,1,1,1,1,1,1,1,1,1,1,1,1,1,1
trxA,1,1,1,1,1,1,1,1,1,1,1,1,1,1,1,1,1,1,1
addA,1,1,1,1,1,1,1,1,1,1,1,1,1,1,1,1,1,1,1
purM,1,1,1,1,1,1,1,1,1,1,1,1,1,1,1,1,1,1,1
purN,1,1,1,1,1,1,1,1,1,1,1,1,1,1,1,1,1,1,1
group_777,1,1,1,1,1,1,1,1,1,1,1,1,1,1,1,1,1,1,1
group_776,1,1,1,1,1,1,1,1,1,1,1,1,1,1,1,1,1,1,1
pgsA,1,1,1,1,1,1,1,1,1,1,1,1,1,1,1,1,1,1,1
uvrC,1,1,1,1,1,1,1,1,1,1,1,1,1,1,1,1,1,1,1
group_775,1,1,1,1,1,1,1,1,1,1,1,1,1,1,1,1,1,1,1
group_774,1,1,1,1,1,1,1,1,1,1,1,1,1,1,1,1,1,1,1
group_773,1,1,1,1,1,1,1,1,1,1,1,1,1,1,1,1,1,1,1
group_772,1,1,1,1,1,1,1,1,1,1,1,1,1,1,1,1,1,1,1
rpsB,1,1,1,1,1,1,1,1,1,1,1,1,1,1,1,1,1,1,1
tsf,1,1,1,1,1,1,1,1,1,1,1,1,1,1,1,1,1,1,1
group_771,1,1,1,1,1,1,1,1,1,1,1,1,1,1,1,1,1,1,1
group_770,1,1,1,1,1,1,1,1,1,1,1,1,1,1,1,1,1,1,1
group_769,1,1,1,1,1,1,1,1,1,1,1,1,1,1,1,1,1,1,1
pdxA,1,1,1,1,1,1,1,1,1,1,1,1,1,1,1,1,1,1,1
group_768,1,1,1,1,1,1,1,1,1,1,1,1,1,1,1,1,1,1,1
lptC,1,1,1,1,1,1,1,1,1,1,1,1,1,1,1,1,1,1,1
addB,1,1,1,1,1,1,1,1,1,1,1,1,1,1,1,1,1,1,1
tsaE,1,1,1,1,1,1,1,1,1,1,1,1,1,1,1,1,1,1,1
group_767,1,1,1,1,1,1,1,1,1,1,1,1,1,1,1,1,1,1,1
group_766,1,1,1,1,1,1,1,1,1,1,1,1,1,1,1,1,1,1,1
accB,1,1,1,1,1,1,1,1,1,1,1,1,1,1,1,1,1,1,1
group_765,1,1,1,1,1,1,1,1,1,1,1,1,1,1,1,1,1,1,1
group_762,1,1,1,1,1,1,1,1,1,1,1,1,1,1,1,1,1,1,1
group_761,1,1,1,1,1,1,1,1,1,1,1,1,1,1,1,1,1,1,1
group_760,1,1,1,1,1,1,1,1,1,1,1,1,1,1,1,1,1,1,1
group_759,1,1,1,1,1,1,1,1,1,1,1,1,1,1,1,1,1,1,1
group_758,1,1,1,1,1,1,1,1,1,1,1,1,1,1,1,1,1,1,1
group_757,1,1,1,1,1,1,1,1,1,1,1,1,1,1,1,1,1,1,1
dusA,1,1,1,1,1,1,1,1,1,1,1,1,1,1,1,1,1,1,1
pyrH,1,1,1,1,1,1,1,1,1,1,1,1,1,1,1,1,1,1,1
group_756,1,1,1,1,1,1,1,1,1,1,1,1,1,1,1,1,1,1,1
rsmA,1,1,1,1,1,1,1,1,1,1,1,1,1,1,1,1,1,1,1
gmk,1,1,1,1,1,1,1,1,1,1,1,1,1,1,1,1,1,1,1
group_755,1,1,1,1,1,1,1,1,1,1,1,1,1,1,1,1,1,1,1
ihfB,1,1,1,1,1,1,1,1,1,1,1,1,1,1,1,1,1,1,1
group_754,1,1,1,1,1,1,1,1,1,1,1,1,1,1,1,1,1,1,1
mutY,1,1,1,1,1,1,1,1,1,1,1,1,1,1,1,1,1,1,1
accC,1,1,1,1,1,1,1,1,1,1,1,1,1,1,1,1,1,1,1
group_753,1,1,1,1,1,1,1,1,1,1,1,1,1,1,1,1,1,1,1
group_752,1,1,1,1,1,1,1,1,1,1,1,1,1,1,1,1,1,1,1
group_751,1,1,1,1,1,1,1,1,1,1,1,1,1,1,1,1,1,1,1
frr,1,1,1,1,1,1,1,1,1,1,1,1,1,1,1,1,1,1,1
group_749,1,1,1,1,1,1,1,1,1,1,1,1,1,1,1,1,1,1,1
group_748,1,1,1,1,1,1,1,1,1,1,1,1,1,1,1,1,1,1,1
group_746,1,1,1,1,1,1,1,1,1,1,1,1,1,1,1,1,1,1,1
group_744,1,1,1,1,1,1,1,1,1,1,1,1,1,1,1,1,1,1,1
group_740,1,1,1,1,1,1,1,1,1,1,1,1,1,1,1,1,1,1,1
mscL,1,1,1,1,1,1,1,1,1,1,1,1,1,1,1,1,1,1,1
group_739,1,1,1,1,1,1,1,1,1,1,1,1,1,1,1,1,1,1,1
pyrD,1,1,1,1,1,1,1,1,1,1,1,1,1,1,1,1,1,1,1
group_738,1,1,1,1,1,1,1,1,1,1,1,1,1,1,1,1,1,1,1
folE,1,1,1,1,1,1,1,1,1,1,1,1,1,1,1,1,1,1,1
group_737,1,1,1,1,1,1,1,1,1,1,1,1,1,1,1,1,1,1,1
yidD,1,1,1,1,1,1,1,1,1,1,1,1,1,1,1,1,1,1,1
panB,1,1,1,1,1,1,1,1,1,1,1,1,1,1,1,1,1,1,1
thrS,1,1,1,1,1,1,1,1,1,1,1,1,1,1,1,1,1,1,1
group_735,1,1,1,1,1,1,1,1,1,1,1,1,1,1,1,1,1,1,1
panC,1,1,1,1,1,1,1,1,1,1,1,1,1,1,1,1,1,1,1
group_734,1,1,1,1,1,1,1,1,1,1,1,1,1,1,1,1,1,1,1
group_733,1,1,1,1,1,1,1,1,1,1,1,1,1,1,1,1,1,1,1
recO,1,1,1,1,1,1,1,1,1,1,1,1,1,1,1,1,1,1,1
ihfA,1,1,1,1,1,1,1,1,1,1,1,1,1,1,1,1,1,1,1
group_732,1,1,1,1,1,1,1,1,1,1,1,1,1,1,1,1,1,1,1
era,1,1,1,1,1,1,1,1,1,1,1,1,1,1,1,1,1,1,1
fabH,1,1,1,1,1,1,1,1,1,1,1,1,1,1,1,1,1,1,1
group_731,1,1,1,1,1,1,1,1,1,1,1,1,1,1,1,1,1,1,1
rnc,1,1,1,1,1,1,1,1,1,1,1,1,1,1,1,1,1,1,1
plsX,1,1,1,1,1,1,1,1,1,1,1,1,1,1,1,1,1,1,1
prfB,1,1,1,1,1,1,1,1,1,1,1,1,1,1,1,1,1,1,1
lepB,1,1,1,1,1,1,1,1,1,1,1,1,1,1,1,1,1,1,1
group_730,1,1,1,1,1,1,1,1,1,1,1,1,1,1,1,1,1,1,1
group_729,1,1,1,1,1,1,1,1,1,1,1,1,1,1,1,1,1,1,1
acpS,1,1,1,1,1,1,1,1,1,1,1,1,1,1,1,1,1,1,1
group_728,1,1,1,1,1,1,1,1,1,1,1,1,1,1,1,1,1,1,1
tyrS,1,1,1,1,1,1,1,1,1,1,1,1,1,1,1,1,1,1,1
group_727,1,1,1,1,1,1,1,1,1,1,1,1,1,1,1,1,1,1,1
nusB,1,1,1,1,1,1,1,1,1,1,1,1,1,1,1,1,1,1,1
group_726,1,1,1,1,1,1,1,1,1,1,1,1,1,1,1,1,1,1,1
group_725,1,1,1,1,1,1,1,1,1,1,1,1,1,1,1,1,1,1,1
pyrE,1,1,1,1,1,1,1,1,1,1,1,1,1,1,1,1,1,1,1
ribH,1,1,1,1,1,1,1,1,1,1,1,1,1,1,1,1,1,1,1
group_724,1,1,1,1,1,1,1,1,1,1,1,1,1,1,1,1,1,1,1
group_723,1,1,1,1,1,1,1,1,1,1,1,1,1,1,1,1,1,1,1
group_722,1,1,1,1,1,1,1,1,1,1,1,1,1,1,1,1,1,1,1
ribE,1,1,1,1,1,1,1,1,1,1,1,1,1,1,1,1,1,1,1
sufB,1,1,1,1,1,1,1,1,1,1,1,1,1,1,1,1,1,1,1
group_721,1,1,1,1,1,1,1,1,1,1,1,1,1,1,1,1,1,1,1
glnA,1,1,1,1,1,1,1,1,1,1,1,1,1,1,1,1,1,1,1
rpoZ,1,1,1,1,1,1,1,1,1,1,1,1,1,1,1,1,1,1,1
ribD,1,1,1,1,1,1,1,1,1,1,1,1,1,1,1,1,1,1,1
sufC,1,1,1,1,1,1,1,1,1,1,1,1,1,1,1,1,1,1,1
ugpB,1,1,1,1,1,1,1,1,1,1,1,1,1,1,1,1,1,1,1
group_720,1,1,1,1,1,1,1,1,1,1,1,1,1,1,1,1,1,1,1
group_719,1,1,1,1,1,1,1,1,1,1,1,1,1,1,1,1,1,1,1
nrdR,1,1,1,1,1,1,1,1,1,1,1,1,1,1,1,1,1,1,1
sufD,1,1,1,1,1,1,1,1,1,1,1,1,1,1,1,1,1,1,1
ugpA,1,1,1,1,1,1,1,1,1,1,1,1,1,1,1,1,1,1,1
uvrA,1,1,1,1,1,1,1,1,1,1,1,1,1,1,1,1,1,1,1
smpB,1,1,1,1,1,1,1,1,1,1,1,1,1,1,1,1,1,1,1
glyA,1,1,1,1,1,1,1,1,1,1,1,1,1,1,1,1,1,1,1
group_718,1,1,1,1,1,1,1,1,1,1,1,1,1,1,1,1,1,1,1
sufS,1,1,1,1,1,1,1,1,1,1,1,1,1,1,1,1,1,1,1
ugpE,1,1,1,1,1,1,1,1,1,1,1,1,1,1,1,1,1,1,1
ssb,1,1,1,1,1,1,1,1,1,1,1,1,1,1,1,1,1,1,1
dapA,1,1,1,1,1,1,1,1,1,1,1,1,1,1,1,1,1,1,1
argC,1,1,1,1,1,1,1,1,1,1,1,1,1,1,1,1,1,1,1
group_717,1,1,1,1,1,1,1,1,1,1,1,1,1,1,1,1,1,1,1
group_716,1,1,1,1,1,1,1,1,1,1,1,1,1,1,1,1,1,1,1
group_715,1,1,1,1,1,1,1,1,1,1,1,1,1,1,1,1,1,1,1
ugpC,1,1,1,1,1,1,1,1,1,1,1,1,1,1,1,1,1,1,1
gyrA,1,1,1,1,1,1,1,1,1,1,1,1,1,1,1,1,1,1,1
group_714,1,1,1,1,1,1,1,1,1,1,1,1,1,1,1,1,1,1,1
group_713,1,1,1,1,1,1,1,1,1,1,1,1,1,1,1,1,1,1,1
ctaA,1,1,1,1,1,1,1,1,1,1,1,1,1,1,1,1,1,1,1
group_712,1,1,1,1,1,1,1,1,1,1,1,1,1,1,1,1,1,1,1
group_711,1,1,1,1,1,1,1,1,1,1,1,1,1,1,1,1,1,1,1
group_710,1,1,1,1,1,1,1,1,1,1,1,1,1,1,1,1,1,1,1
group_709,1,1,1,1,1,1,1,1,1,1,1,1,1,1,1,1,1,1,1
group_708,1,1,1,1,1,1,1,1,1,1,1,1,1,1,1,1,1,1,1
lspA,1,1,1,1,1,1,1,1,1,1,1,1,1,1,1,1,1,1,1
ligA,1,1,1,1,1,1,1,1,1,1,1,1,1,1,1,1,1,1,1
purH,1,1,1,1,1,1,1,1,1,1,1,1,1,1,1,1,1,1,1
group_707,1,1,1,1,1,1,1,1,1,1,1,1,1,1,1,1,1,1,1
group_706,1,1,1,1,1,1,1,1,1,1,1,1,1,1,1,1,1,1,1
group_705,1,1,1,1,1,1,1,1,1,1,1,1,1,1,1,1,1,1,1
group_704,1,1,1,1,1,1,1,1,1,1,1,1,1,1,1,1,1,1,1
coaD,1,1,1,1,1,1,1,1,1,1,1,1,1,1,1,1,1,1,1
group_703,1,1,1,1,1,1,1,1,1,1,1,1,1,1,1,1,1,1,1
group_702,1,1,1,1,1,1,1,1,1,1,1,1,1,1,1,1,1,1,1
group_701,1,1,1,1,1,1,1,1,1,1,1,1,1,1,1,1,1,1,1
group_700,1,1,1,1,1,1,1,1,1,1,1,1,1,1,1,1,1,1,1
group_698,1,1,1,1,1,1,1,1,1,1,1,1,1,1,1,1,1,1,1
group_697,1,1,1,1,1,1,1,1,1,1,1,1,1,1,1,1,1,1,1
group_696,1,1,1,1,1,1,1,1,1,1,1,1,1,1,1,1,1,1,1
group_695,1,1,1,1,1,1,1,1,1,1,1,1,1,1,1,1,1,1,1
rnhB,1,1,1,1,1,1,1,1,1,1,1,1,1,1,1,1,1,1,1
folC,1,1,1,1,1,1,1,1,1,1,1,1,1,1,1,1,1,1,1
group_694,1,1,1,1,1,1,1,1,1,1,1,1,1,1,1,1,1,1,1
group_693,1,1,1,1,1,1,1,1,1,1,1,1,1,1,1,1,1,1,1
recN,1,1,1,1,1,1,1,1,1,1,1,1,1,1,1,1,1,1,1
group_692,1,1,1,1,1,1,1,1,1,1,1,1,1,1,1,1,1,1,1
group_691,1,1,1,1,1,1,1,1,1,1,1,1,1,1,1,1,1,1,1
group_690,1,1,1,1,1,1,1,1,1,1,1,1,1,1,1,1,1,1,1
purD,1,1,1,1,1,1,1,1,1,1,1,1,1,1,1,1,1,1,1
guaA,1,1,1,1,1,1,1,1,1,1,1,1,1,1,1,1,1,1,1
group_689,1,1,1,1,1,1,1,1,1,1,1,1,1,1,1,1,1,1,1
group_688,1,1,1,1,1,1,1,1,1,1,1,1,1,1,1,1,1,1,1
group_687,1,1,1,1,1,1,1,1,1,1,1,1,1,1,1,1,1,1,1
group_686,1,1,1,1,1,1,1,1,1,1,1,1,1,1,1,1,1,1,1
hflX,1,1,1,1,1,1,1,1,1,1,1,1,1,1,1,1,1,1,1
rpmB,1,1,1,1,1,1,1,1,1,1,1,1,1,1,1,1,1,1,1
kdsB,1,1,1,1,1,1,1,1,1,1,1,1,1,1,1,1,1,1,1
holA,1,1,1,1,1,1,1,1,1,1,1,1,1,1,1,1,1,1,1
group_685,1,1,1,1,1,1,1,1,1,1,1,1,1,1,1,1,1,1,1
ispE,1,1,1,1,1,1,1,1,1,1,1,1,1,1,1,1,1,1,1
accD,1,1,1,1,1,1,1,1,1,1,1,1,1,1,1,1,1,1,1
group_684,1,1,1,1,1,1,1,1,1,1,1,1,1,1,1,1,1,1,1
group_683,1,1,1,1,1,1,1,1,1,1,1,1,1,1,1,1,1,1,1
group_682,1,1,1,1,1,1,1,1,1,1,1,1,1,1,1,1,1,1,1
rsmB,1,1,1,1,1,1,1,1,1,1,1,1,1,1,1,1,1,1,1
group_681,1,1,1,1,1,1,1,1,1,1,1,1,1,1,1,1,1,1,1
ygfZ,1,1,1,1,1,1,1,1,1,1,1,1,1,1,1,1,1,1,1
group_680,1,1,1,1,1,1,1,1,1,1,1,1,1,1,1,1,1,1,1
ubiA,1,1,1,1,1,1,1,1,1,1,1,1,1,1,1,1,1,1,1
group_679,1,1,1,1,1,1,1,1,1,1,1,1,1,1,1,1,1,1,1
group_678,1,1,1,1,1,1,1,1,1,1,1,1,1,1,1,1,1,1,1
group_677,1,1,1,1,1,1,1,1,1,1,1,1,1,1,1,1,1,1,1
group_676,1,1,1,1,1,1,1,1,1,1,1,1,1,1,1,1,1,1,1
mfd,1,1,1,1,1,1,1,1,1,1,1,1,1,1,1,1,1,1,1
group_675,1,1,1,1,1,1,1,1,1,1,1,1,1,1,1,1,1,1,1
hfq,1,1,1,1,1,1,1,1,1,1,1,1,1,1,1,1,1,1,1
group_674,1,1,1,1,1,1,1,1,1,1,1,1,1,1,1,1,1,1,1
dnaX,1,1,1,1,1,1,1,1,1,1,1,1,1,1,1,1,1,1,1
group_673,1,1,1,1,1,1,1,1,1,1,1,1,1,1,1,1,1,1,1
group_672,1,1,1,1,1,1,1,1,1,1,1,1,1,1,1,1,1,1,1
group_671,1,1,1,1,1,1,1,1,1,1,1,1,1,1,1,1,1,1,1
flaA,1,1,1,1,1,1,1,1,1,1,1,1,1,1,1,1,1,1,1
group_670,1,1,1,1,1,1,1,1,1,1,1,1,1,1,1,1,1,1,1
group_669,1,1,1,1,1,1,1,1,1,1,1,1,1,1,1,1,1,1,1
polA,1,1,1,1,1,1,1,1,1,1,1,1,1,1,1,1,1,1,1
group_668,1,1,1,1,1,1,1,1,1,1,1,1,1,1,1,1,1,1,1
lpxC,1,1,1,1,1,1,1,1,1,1,1,1,1,1,1,1,1,1,1
htpX,1,1,1,1,1,1,1,1,1,1,1,1,1,1,1,1,1,1,1
ychF,1,1,1,1,1,1,1,1,1,1,1,1,1,1,1,1,1,1,1
group_667,1,1,1,1,1,1,1,1,1,1,1,1,1,1,1,1,1,1,1
ccmC,1,1,1,1,1,1,1,1,1,1,1,1,1,1,1,1,1,1,1
group_666,1,1,1,1,1,1,1,1,1,1,1,1,1,1,1,1,1,1,1
pdxH,1,1,1,1,1,1,1,1,1,1,1,1,1,1,1,1,1,1,1
group_665,1,1,1,1,1,1,1,1,1,1,1,1,1,1,1,1,1,1,1
tgt,1,1,1,1,1,1,1,1,1,1,1,1,1,1,1,1,1,1,1
rpsN,1,1,1,1,1,1,1,1,1,1,1,1,1,1,1,1,1,1,1
group_664,1,1,1,1,1,1,1,1,1,1,1,1,1,1,1,1,1,1,1
dut,1,1,1,1,1,1,1,1,1,1,1,1,1,1,1,1,1,1,1
group_663,1,1,1,1,1,1,1,1,1,1,1,1,1,1,1,1,1,1,1
accA,1,1,1,1,1,1,1,1,1,1,1,1,1,1,1,1,1,1,1
group_662,1,1,1,1,1,1,1,1,1,1,1,1,1,1,1,1,1,1,1
rpsH,1,1,1,1,1,1,1,1,1,1,1,1,1,1,1,1,1,1,1
cobT,1,1,1,1,1,1,1,1,1,1,1,1,1,1,1,1,1,1,1
group_661,1,1,1,1,1,1,1,1,1,1,1,1,1,1,1,1,1,1,1
group_660,1,1,1,1,1,1,1,1,1,1,1,1,1,1,1,1,1,1,1
group_659,1,1,1,1,1,1,1,1,1,1,1,1,1,1,1,1,1,1,1
group_658,1,1,1,1,1,1,1,1,1,1,1,1,1,1,1,1,1,1,1
ccmD,1,1,1,1,1,1,1,1,1,1,1,1,1,1,1,1,1,1,1
group_657,1,1,1,1,1,1,1,1,1,1,1,1,1,1,1,1,1,1,1
group_656,1,1,1,1,1,1,1,1,1,1,1,1,1,1,1,1,1,1,1
group_655,1,1,1,1,1,1,1,1,1,1,1,1,1,1,1,1,1,1,1
coaBC,1,1,1,1,1,1,1,1,1,1,1,1,1,1,1,1,1,1,1
dnaQ,1,1,1,1,1,1,1,1,1,1,1,1,1,1,1,1,1,1,1
group_654,1,1,1,1,1,1,1,1,1,1,1,1,1,1,1,1,1,1,1
asd,1,1,1,1,1,1,1,1,1,1,1,1,1,1,1,1,1,1,1
ftsZ,1,1,1,1,1,1,1,1,1,1,1,1,1,1,1,1,1,1,1
group_653,1,1,1,1,1,1,1,1,1,1,1,1,1,1,1,1,1,1,1
group_652,1,1,1,1,1,1,1,1,1,1,1,1,1,1,1,1,1,1,1
group_651,1,1,1,1,1,1,1,1,1,1,1,1,1,1,1,1,1,1,1
cysS,1,1,1,1,1,1,1,1,1,1,1,1,1,1,1,1,1,1,1
ftsE,1,1,1,1,1,1,1,1,1,1,1,1,1,1,1,1,1,1,1
ccmB,1,1,1,1,1,1,1,1,1,1,1,1,1,1,1,1,1,1,1
metG,1,1,1,1,1,1,1,1,1,1,1,1,1,1,1,1,1,1,1
group_650,1,1,1,1,1,1,1,1,1,1,1,1,1,1,1,1,1,1,1
group_649,1,1,1,1,1,1,1,1,1,1,1,1,1,1,1,1,1,1,1
guaB,1,1,1,1,1,1,1,1,1,1,1,1,1,1,1,1,1,1,1
group_648,1,1,1,1,1,1,1,1,1,1,1,1,1,1,1,1,1,1,1
group_647,1,1,1,1,1,1,1,1,1,1,1,1,1,1,1,1,1,1,1
group_646,1,1,1,1,1,1,1,1,1,1,1,1,1,1,1,1,1,1,1
group_645,1,1,1,1,1,1,1,1,1,1,1,1,1,1,1,1,1,1,1
group_644,1,1,1,1,1,1,1,1,1,1,1,1,1,1,1,1,1,1,1
group_643,1,1,1,1,1,1,1,1,1,1,1,1,1,1,1,1,1,1,1
xerD,1,1,1,1,1,1,1,1,1,1,1,1,1,1,1,1,1,1,1
pta,1,1,1,1,1,1,1,1,1,1,1,1,1,1,1,1,1,1,1
rplF,1,1,1,1,1,1,1,1,1,1,1,1,1,1,1,1,1,1,1
cobS,1,1,1,1,1,1,1,1,1,1,1,1,1,1,1,1,1,1,1
recR,1,1,1,1,1,1,1,1,1,1,1,1,1,1,1,1,1,1,1
group_642,1,1,1,1,1,1,1,1,1,1,1,1,1,1,1,1,1,1,1
gltA,1,1,1,1,1,1,1,1,1,1,1,1,1,1,1,1,1,1,1
group_641,1,1,1,1,1,1,1,1,1,1,1,1,1,1,1,1,1,1,1
group_640,1,1,1,1,1,1,1,1,1,1,1,1,1,1,1,1,1,1,1
ppdK,1,1,1,1,1,1,1,1,1,1,1,1,1,1,1,1,1,1,1
group_639,1,1,1,1,1,1,1,1,1,1,1,1,1,1,1,1,1,1,1
group_638,1,1,1,1,1,1,1,1,1,1,1,1,1,1,1,1,1,1,1
group_637,1,1,1,1,1,1,1,1,1,1,1,1,1,1,1,1,1,1,1
ubiB,1,1,1,1,1,1,1,1,1,1,1,1,1,1,1,1,1,1,1
coaE,1,1,1,1,1,1,1,1,1,1,1,1,1,1,1,1,1,1,1
group_636,1,1,1,1,1,1,1,1,1,1,1,1,1,1,1,1,1,1,1
group_635,1,1,1,1,1,1,1,1,1,1,1,1,1,1,1,1,1,1,1
ftsA,1,1,1,1,1,1,1,1,1,1,1,1,1,1,1,1,1,1,1
rpsP,1,1,1,1,1,1,1,1,1,1,1,1,1,1,1,1,1,1,1
cheY,1,1,1,1,1,1,1,1,1,1,1,1,1,1,1,1,1,1,1
pth,1,1,1,1,1,1,1,1,1,1,1,1,1,1,1,1,1,1,1
group_634,1,1,1,1,1,1,1,1,1,1,1,1,1,1,1,1,1,1,1
acs,1,1,1,1,1,1,1,1,1,1,1,1,1,1,1,1,1,1,1
ccmA,1,1,1,1,1,1,1,1,1,1,1,1,1,1,1,1,1,1,1
holB,1,1,1,1,1,1,1,1,1,1,1,1,1,1,1,1,1,1,1
rpiA,1,1,1,1,1,1,1,1,1,1,1,1,1,1,1,1,1,1,1
group_633,1,1,1,1,1,1,1,1,1,1,1,1,1,1,1,1,1,1,1
group_632,1,1,1,1,1,1,1,1,1,1,1,1,1,1,1,1,1,1,1
group_631,1,1,1,1,1,1,1,1,1,1,1,1,1,1,1,1,1,1,1
group_629,1,1,1,1,1,1,1,1,1,1,1,1,1,1,1,1,1,1,1
exbB,1,1,1,1,1,1,1,1,1,1,1,1,1,1,1,1,1,1,1
group_628,1,1,1,1,1,1,1,1,1,1,1,1,1,1,1,1,1,1,1
fliP,1,1,1,1,1,1,1,1,1,1,1,1,1,1,1,1,1,1,1
group_627,1,1,1,1,1,1,1,1,1,1,1,1,1,1,1,1,1,1,1
group_626,1,1,1,1,1,1,1,1,1,1,1,1,1,1,1,1,1,1,1
rplR,1,1,1,1,1,1,1,1,1,1,1,1,1,1,1,1,1,1,1
group_625,1,1,1,1,1,1,1,1,1,1,1,1,1,1,1,1,1,1,1
tsaB,1,1,1,1,1,1,1,1,1,1,1,1,1,1,1,1,1,1,1
argH,1,1,1,1,1,1,1,1,1,1,1,1,1,1,1,1,1,1,1
group_624,1,1,1,1,1,1,1,1,1,1,1,1,1,1,1,1,1,1,1
group_623,1,1,1,1,1,1,1,1,1,1,1,1,1,1,1,1,1,1,1
group_622,1,1,1,1,1,1,1,1,1,1,1,1,1,1,1,1,1,1,1
group_621,1,1,1,1,1,1,1,1,1,1,1,1,1,1,1,1,1,1,1
rsmI,1,1,1,1,1,1,1,1,1,1,1,1,1,1,1,1,1,1,1
group_620,1,1,1,1,1,1,1,1,1,1,1,1,1,1,1,1,1,1,1
group_618,1,1,1,1,1,1,1,1,1,1,1,1,1,1,1,1,1,1,1
ubiE,1,1,1,1,1,1,1,1,1,1,1,1,1,1,1,1,1,1,1
aroE,1,1,1,1,1,1,1,1,1,1,1,1,1,1,1,1,1,1,1
coaA,1,1,1,1,1,1,1,1,1,1,1,1,1,1,1,1,1,1,1
group_617,1,1,1,1,1,1,1,1,1,1,1,1,1,1,1,1,1,1,1
group_616,1,1,1,1,1,1,1,1,1,1,1,1,1,1,1,1,1,1,1
ftsQ,1,1,1,1,1,1,1,1,1,1,1,1,1,1,1,1,1,1,1
rpsI,1,1,1,1,1,1,1,1,1,1,1,1,1,1,1,1,1,1,1
rplY,1,1,1,1,1,1,1,1,1,1,1,1,1,1,1,1,1,1,1
psd,1,1,1,1,1,1,1,1,1,1,1,1,1,1,1,1,1,1,1
group_614,1,1,1,1,1,1,1,1,1,1,1,1,1,1,1,1,1,1,1
acnA,1,1,1,1,1,1,1,1,1,1,1,1,1,1,1,1,1,1,1
tmk,1,1,1,1,1,1,1,1,1,1,1,1,1,1,1,1,1,1,1
group_613,1,1,1,1,1,1,1,1,1,1,1,1,1,1,1,1,1,1,1
aroC,1,1,1,1,1,1,1,1,1,1,1,1,1,1,1,1,1,1,1
group_612,1,1,1,1,1,1,1,1,1,1,1,1,1,1,1,1,1,1,1
group_611,1,1,1,1,1,1,1,1,1,1,1,1,1,1,1,1,1,1,1
group_610,1,1,1,1,1,1,1,1,1,1,1,1,1,1,1,1,1,1,1
group_608,1,1,1,1,1,1,1,1,1,1,1,1,1,1,1,1,1,1,1
group_607,1,1,1,1,1,1,1,1,1,1,1,1,1,1,1,1,1,1,1
ruvX,1,1,1,1,1,1,1,1,1,1,1,1,1,1,1,1,1,1,1
gatC,1,1,1,1,1,1,1,1,1,1,1,1,1,1,1,1,1,1,1
glmM,1,1,1,1,1,1,1,1,1,1,1,1,1,1,1,1,1,1,1
proS,1,1,1,1,1,1,1,1,1,1,1,1,1,1,1,1,1,1,1
fliL,1,1,1,1,1,1,1,1,1,1,1,1,1,1,1,1,1,1,1
aroB,1,1,1,1,1,1,1,1,1,1,1,1,1,1,1,1,1,1,1
group_606,1,1,1,1,1,1,1,1,1,1,1,1,1,1,1,1,1,1,1
rpsE,1,1,1,1,1,1,1,1,1,1,1,1,1,1,1,1,1,1,1
group_605,1,1,1,1,1,1,1,1,1,1,1,1,1,1,1,1,1,1,1
rimI,1,1,1,1,1,1,1,1,1,1,1,1,1,1,1,1,1,1,1
group_604,1,1,1,1,1,1,1,1,1,1,1,1,1,1,1,1,1,1,1
group_603,1,1,1,1,1,1,1,1,1,1,1,1,1,1,1,1,1,1,1
group_602,1,1,1,1,1,1,1,1,1,1,1,1,1,1,1,1,1,1,1
group_601,1,1,1,1,1,1,1,1,1,1,1,1,1,1,1,1,1,1,1
group_600,1,1,1,1,1,1,1,1,1,1,1,1,1,1,1,1,1,1,1
fliF,1,1,1,1,1,1,1,1,1,1,1,1,1,1,1,1,1,1,1
group_599,1,1,1,1,1,1,1,1,1,1,1,1,1,1,1,1,1,1,1
group_598,1,1,1,1,1,1,1,1,1,1,1,1,1,1,1,1,1,1,1
nikD,1,1,1,1,1,1,1,1,1,1,1,1,1,1,1,1,1,1,1
macB,1,1,1,1,1,1,1,1,1,1,1,1,1,1,1,1,1,1,1
gyrB,1,1,1,1,1,1,1,1,1,1,1,1,1,1,1,1,1,1,1
group_597,1,1,1,1,1,1,1,1,1,1,1,1,1,1,1,1,1,1,1
group_596,1,1,1,1,1,1,1,1,1,1,1,1,1,1,1,1,1,1,1
group_595,1,1,1,1,1,1,1,1,1,1,1,1,1,1,1,1,1,1,1
group_594,1,1,1,1,1,1,1,1,1,1,1,1,1,1,1,1,1,1,1
ddl,1,1,1,1,1,1,1,1,1,1,1,1,1,1,1,1,1,1,1
ffh,1,1,1,1,1,1,1,1,1,1,1,1,1,1,1,1,1,1,1
rplM,1,1,1,1,1,1,1,1,1,1,1,1,1,1,1,1,1,1,1
group_593,1,1,1,1,1,1,1,1,1,1,1,1,1,1,1,1,1,1,1
infB,1,1,1,1,1,1,1,1,1,1,1,1,1,1,1,1,1,1,1
prs,1,1,1,1,1,1,1,1,1,1,1,1,1,1,1,1,1,1,1
pssA,1,1,1,1,1,1,1,1,1,1,1,1,1,1,1,1,1,1,1
leuS,1,1,1,1,1,1,1,1,1,1,1,1,1,1,1,1,1,1,1
rpsT,1,1,1,1,1,1,1,1,1,1,1,1,1,1,1,1,1,1,1
group_592,1,1,1,1,1,1,1,1,1,1,1,1,1,1,1,1,1,1,1
gor,1,1,1,1,1,1,1,1,1,1,1,1,1,1,1,1,1,1,1
ribB,1,1,1,1,1,1,1,1,1,1,1,1,1,1,1,1,1,1,1
group_591,1,1,1,1,1,1,1,1,1,1,1,1,1,1,1,1,1,1,1
group_589,1,1,1,1,1,1,1,1,1,1,1,1,1,1,1,1,1,1,1
group_588,1,1,1,1,1,1,1,1,1,1,1,1,1,1,1,1,1,1,1
glpX,1,1,1,1,1,1,1,1,1,1,1,1,1,1,1,1,1,1,1
group_586,1,1,1,1,1,1,1,1,1,1,1,1,1,1,1,1,1,1,1
group_585,1,1,1,1,1,1,1,1,1,1,1,1,1,1,1,1,1,1,1
group_584,1,1,1,1,1,1,1,1,1,1,1,1,1,1,1,1,1,1,1
group_583,1,1,1,1,1,1,1,1,1,1,1,1,1,1,1,1,1,1,1
gatA,1,1,1,1,1,1,1,1,1,1,1,1,1,1,1,1,1,1,1
ftsH,1,1,1,1,1,1,1,1,1,1,1,1,1,1,1,1,1,1,1
rpmA,1,1,1,1,1,1,1,1,1,1,1,1,1,1,1,1,1,1,1
group_582,1,1,1,1,1,1,1,1,1,1,1,1,1,1,1,1,1,1,1
flgH,1,1,1,1,1,1,1,1,1,1,1,1,1,1,1,1,1,1,1
ispG,1,1,1,1,1,1,1,1,1,1,1,1,1,1,1,1,1,1,1
group_581,1,1,1,1,1,1,1,1,1,1,1,1,1,1,1,1,1,1,1
group_580,1,1,1,1,1,1,1,1,1,1,1,1,1,1,1,1,1,1,1
group_579,1,1,1,1,1,1,1,1,1,1,1,1,1,1,1,1,1,1,1
abcf,1,1,1,1,1,1,1,1,1,1,1,1,1,1,1,1,1,1,1
rpmD,1,1,1,1,1,1,1,1,1,1,1,1,1,1,1,1,1,1,1
group_578,1,1,1,1,1,1,1,1,1,1,1,1,1,1,1,1,1,1,1
group_577,1,1,1,1,1,1,1,1,1,1,1,1,1,1,1,1,1,1,1
miaB,1,1,1,1,1,1,1,1,1,1,1,1,1,1,1,1,1,1,1
lysA,1,1,1,1,1,1,1,1,1,1,1,1,1,1,1,1,1,1,1
group_576,1,1,1,1,1,1,1,1,1,1,1,1,1,1,1,1,1,1,1
mnmA,1,1,1,1,1,1,1,1,1,1,1,1,1,1,1,1,1,1,1
group_575,1,1,1,1,1,1,1,1,1,1,1,1,1,1,1,1,1,1,1
argF,1,1,1,1,1,1,1,1,1,1,1,1,1,1,1,1,1,1,1
rpoD,1,1,1,1,1,1,1,1,1,1,1,1,1,1,1,1,1,1,1
group_574,1,1,1,1,1,1,1,1,1,1,1,1,1,1,1,1,1,1,1
group_573,1,1,1,1,1,1,1,1,1,1,1,1,1,1,1,1,1,1,1
group_572,1,1,1,1,1,1,1,1,1,1,1,1,1,1,1,1,1,1,1
rnd,1,1,1,1,1,1,1,1,1,1,1,1,1,1,1,1,1,1,1
glyQ,1,1,1,1,1,1,1,1,1,1,1,1,1,1,1,1,1,1,1
group_571,1,1,1,1,1,1,1,1,1,1,1,1,1,1,1,1,1,1,1
group_570,1,1,1,1,1,1,1,1,1,1,1,1,1,1,1,1,1,1,1
group_569,1,1,1,1,1,1,1,1,1,1,1,1,1,1,1,1,1,1,1
group_568,1,1,1,1,1,1,1,1,1,1,1,1,1,1,1,1,1,1,1
group_567,1,1,1,1,1,1,1,1,1,1,1,1,1,1,1,1,1,1,1
infA,1,1,1,1,1,1,1,1,1,1,1,1,1,1,1,1,1,1,1
group_566,1,1,1,1,1,1,1,1,1,1,1,1,1,1,1,1,1,1,1
group_565,1,1,1,1,1,1,1,1,1,1,1,1,1,1,1,1,1,1,1
rlmH,1,1,1,1,1,1,1,1,1,1,1,1,1,1,1,1,1,1,1
group_564,1,1,1,1,1,1,1,1,1,1,1,1,1,1,1,1,1,1,1
murB,1,1,1,1,1,1,1,1,1,1,1,1,1,1,1,1,1,1,1
mutT,1,1,1,1,1,1,1,1,1,1,1,1,1,1,1,1,1,1,1
group_563,1,1,1,1,1,1,1,1,1,1,1,1,1,1,1,1,1,1,1
tolB,1,1,1,1,1,1,1,1,1,1,1,1,1,1,1,1,1,1,1
mtaB,1,1,1,1,1,1,1,1,1,1,1,1,1,1,1,1,1,1,1
recJ,1,1,1,1,1,1,1,1,1,1,1,1,1,1,1,1,1,1,1
group_562,1,1,1,1,1,1,1,1,1,1,1,1,1,1,1,1,1,1,1
group_561,1,1,1,1,1,1,1,1,1,1,1,1,1,1,1,1,1,1,1
rbfA,1,1,1,1,1,1,1,1,1,1,1,1,1,1,1,1,1,1,1
pgeF,1,1,1,1,1,1,1,1,1,1,1,1,1,1,1,1,1,1,1
group_560,1,1,1,1,1,1,1,1,1,1,1,1,1,1,1,1,1,1,1
group_559,1,1,1,1,1,1,1,1,1,1,1,1,1,1,1,1,1,1,1
group_558,1,1,1,1,1,1,1,1,1,1,1,1,1,1,1,1,1,1,1
dnaA,1,1,1,1,1,1,1,1,1,1,1,1,1,1,1,1,1,1,1
ttcA,1,1,1,1,1,1,1,1,1,1,1,1,1,1,1,1,1,1,1
group_557,1,1,1,1,1,1,1,1,1,1,1,1,1,1,1,1,1,1,1
group_556,1,1,1,1,1,1,1,1,1,1,1,1,1,1,1,1,1,1,1
xseB,1,1,1,1,1,1,1,1,1,1,1,1,1,1,1,1,1,1,1
group_555,1,1,1,1,1,1,1,1,1,1,1,1,1,1,1,1,1,1,1
group_553,1,1,1,1,1,1,1,1,1,1,1,1,1,1,1,1,1,1,1
group_552,1,1,1,1,1,1,1,1,1,1,1,1,1,1,1,1,1,1,1
ilvE,1,1,1,1,1,1,1,1,1,1,1,1,1,1,1,1,1,1,1
group_549,1,1,1,1,1,1,1,1,1,1,1,1,1,1,1,1,1,1,1
group_548,1,1,1,1,1,1,1,1,1,1,1,1,1,1,1,1,1,1,1
group_547,1,1,1,1,1,1,1,1,1,1,1,1,1,1,1,1,1,1,1
pyrB,1,1,1,1,1,1,1,1,1,1,1,1,1,1,1,1,1,1,1
group_546,1,1,1,1,1,1,1,1,1,1,1,1,1,1,1,1,1,1,1
group_545,1,1,1,1,1,1,1,1,1,1,1,1,1,1,1,1,1,1,1
rplU,1,1,1,1,1,1,1,1,1,1,1,1,1,1,1,1,1,1,1
group_544,1,1,1,1,1,1,1,1,1,1,1,1,1,1,1,1,1,1,1
group_543,1,1,1,1,1,1,1,1,1,1,1,1,1,1,1,1,1,1,1
group_542,1,1,1,1,1,1,1,1,1,1,1,1,1,1,1,1,1,1,1
group_541,1,1,1,1,1,1,1,1,1,1,1,1,1,1,1,1,1,1,1
group_540,1,1,1,1,1,1,1,1,1,1,1,1,1,1,1,1,1,1,1
group_539,1,1,1,1,1,1,1,1,1,1,1,1,1,1,1,1,1,1,1
mnhG,1,1,1,1,1,1,1,1,1,1,1,1,1,1,1,1,1,1,1
group_538,1,1,1,1,1,1,1,1,1,1,1,1,1,1,1,1,1,1,1
group_537,1,1,1,1,1,1,1,1,1,1,1,1,1,1,1,1,1,1,1
secG,1,1,1,1,1,1,1,1,1,1,1,1,1,1,1,1,1,1,1
serS,1,1,1,1,1,1,1,1,1,1,1,1,1,1,1,1,1,1,1
rplO,1,1,1,1,1,1,1,1,1,1,1,1,1,1,1,1,1,1,1
group_536,1,1,1,1,1,1,1,1,1,1,1,1,1,1,1,1,1,1,1
nusA,1,1,1,1,1,1,1,1,1,1,1,1,1,1,1,1,1,1,1
group_535,1,1,1,1,1,1,1,1,1,1,1,1,1,1,1,1,1,1,1
group_534,1,1,1,1,1,1,1,1,1,1,1,1,1,1,1,1,1,1,1
ehuA,1,1,1,1,1,1,1,1,1,1,1,1,1,1,1,1,1,1,1
group_533,1,1,1,1,1,1,1,1,1,1,1,1,1,1,1,1,1,1,1
group_532,1,1,1,1,1,1,1,1,1,1,1,1,1,1,1,1,1,1,1
group_531,1,1,1,1,1,1,1,1,1,1,1,1,1,1,1,1,1,1,1
group_530,1,1,1,1,1,1,1,1,1,1,1,1,1,1,1,1,1,1,1
group_529,1,1,1,1,1,1,1,1,1,1,1,1,1,1,1,1,1,1,1
motB,1,1,1,1,1,1,1,1,1,1,1,1,1,1,1,1,1,1,1
rpmH,1,1,1,1,1,1,1,1,1,1,1,1,1,1,1,1,1,1,1
group_528,1,1,1,1,1,1,1,1,1,1,1,1,1,1,1,1,1,1,1
glyS,1,1,1,1,1,1,1,1,1,1,1,1,1,1,1,1,1,1,1
gshB,1,1,1,1,1,1,1,1,1,1,1,1,1,1,1,1,1,1,1
group_527,1,1,1,1,1,1,1,1,1,1,1,1,1,1,1,1,1,1,1
group_526,1,1,1,1,1,1,1,1,1,1,1,1,1,1,1,1,1,1,1
rdgB,1,1,1,1,1,1,1,1,1,1,1,1,1,1,1,1,1,1,1
ftsY,1,1,1,1,1,1,1,1,1,1,1,1,1,1,1,1,1,1,1
rho,1,1,1,1,1,1,1,1,1,1,1,1,1,1,1,1,1,1,1
group_525,1,1,1,1,1,1,1,1,1,1,1,1,1,1,1,1,1,1,1
purE,1,1,1,1,1,1,1,1,1,1,1,1,1,1,1,1,1,1,1
def,1,1,1,1,1,1,1,1,1,1,1,1,1,1,1,1,1,1,1
group_524,1,1,1,1,1,1,1,1,1,1,1,1,1,1,1,1,1,1,1
group_523,1,1,1,1,1,1,1,1,1,1,1,1,1,1,1,1,1,1,1
rsfS,1,1,1,1,1,1,1,1,1,1,1,1,1,1,1,1,1,1,1
group_522,1,1,1,1,1,1,1,1,1,1,1,1,1,1,1,1,1,1,1
pyrG,1,1,1,1,1,1,1,1,1,1,1,1,1,1,1,1,1,1,1
group_521,1,1,1,1,1,1,1,1,1,1,1,1,1,1,1,1,1,1,1
group_520,1,1,1,1,1,1,1,1,1,1,1,1,1,1,1,1,1,1,1
murC,1,1,1,1,1,1,1,1,1,1,1,1,1,1,1,1,1,1,1
argJ,1,1,1,1,1,1,1,1,1,1,1,1,1,1,1,1,1,1,1
group_519,1,1,1,1,1,1,1,1,1,1,1,1,1,1,1,1,1,1,1
group_518,1,1,1,1,1,1,1,1,1,1,1,1,1,1,1,1,1,1,1
gcvP,1,1,1,1,1,1,1,1,1,1,1,1,1,1,1,1,1,1,1
dapF,1,1,1,1,1,1,1,1,1,1,1,1,1,1,1,1,1,1,1
parE,1,1,1,1,1,1,1,1,1,1,1,1,1,1,1,1,1,1,1
group_517,1,1,1,1,1,1,1,1,1,1,1,1,1,1,1,1,1,1,1
group_516,1,1,1,1,1,1,1,1,1,1,1,1,1,1,1,1,1,1,1
truB,1,1,1,1,1,1,1,1,1,1,1,1,1,1,1,1,1,1,1
uvrB,1,1,1,1,1,1,1,1,1,1,1,1,1,1,1,1,1,1,1
group_515,1,1,1,1,1,1,1,1,1,1,1,1,1,1,1,1,1,1,1
group_514,1,1,1,1,1,1,1,1,1,1,1,1,1,1,1,1,1,1,1
purF,1,1,1,1,1,1,1,1,1,1,1,1,1,1,1,1,1,1,1
group_513,1,1,1,1,1,1,1,1,1,1,1,1,1,1,1,1,1,1,1
fsa,1,1,1,1,1,1,1,1,1,1,1,1,1,1,1,1,1,1,1
dnaN,1,1,1,1,1,1,1,1,1,1,1,1,1,1,1,1,1,1,1
rpsD,1,1,1,1,1,1,1,1,1,1,1,1,1,1,1,1,1,1,1
group_512,1,1,1,1,1,1,1,1,1,1,1,1,1,1,1,1,1,1,1
nadE,1,1,1,1,1,1,1,1,1,1,1,1,1,1,1,1,1,1,1
dxs,1,1,1,1,1,1,1,1,1,1,1,1,1,1,1,1,1,1,1
group_511,1,1,1,1,1,1,1,1,1,1,1,1,1,1,1,1,1,1,1
galU,1,1,1,1,1,1,1,1,1,1,1,1,1,1,1,1,1,1,1
rplJ,1,1,1,1,1,1,1,1,1,1,1,1,1,1,1,1,1,1,1
group_509,1,1,1,1,1,1,1,1,1,1,1,1,1,1,1,1,1,1,1
group_508,1,1,1,1,1,1,1,1,1,1,1,1,1,1,1,1,1,1,1
group_507,1,1,1,1,1,1,1,1,1,1,1,1,1,1,1,1,1,1,1
group_506,1,1,1,1,1,1,1,1,1,1,1,1,1,1,1,1,1,1,1
group_503,1,1,1,1,1,1,1,1,1,1,1,1,1,1,1,1,1,1,1
group_502,1,1,1,1,1,1,1,1,1,1,1,1,1,1,1,1,1,1,1
group_501,1,1,1,1,1,1,1,1,1,1,1,1,1,1,1,1,1,1,1
gcvH,1,1,1,1,1,1,1,1,1,1,1,1,1,1,1,1,1,1,1
group_500,1,1,1,1,1,1,1,1,1,1,1,1,1,1,1,1,1,1,1
rplA,1,1,1,1,1,1,1,1,1,1,1,1,1,1,1,1,1,1,1
pyrC,1,1,1,1,1,1,1,1,1,1,1,1,1,1,1,1,1,1,1
pal,1,1,1,1,1,1,1,1,1,1,1,1,1,1,1,1,1,1,1
pgi,1,1,1,1,1,1,1,1,1,1,1,1,1,1,1,1,1,1,1
gatB,1,1,1,1,1,1,1,1,1,1,1,1,1,1,1,1,1,1,1
ctpA,1,1,1,1,1,1,1,1,1,1,1,1,1,1,1,1,1,1,1
nuoN,1,1,1,1,1,1,1,1,1,1,1,1,1,1,1,1,1,1,1
group_497,1,1,1,1,1,1,1,1,1,1,1,1,1,1,1,1,1,1,1
flgI,1,1,1,1,1,1,1,1,1,1,1,1,1,1,1,1,1,1,1
mtgA,1,1,1,1,1,1,1,1,1,1,1,1,1,1,1,1,1,1,1
group_496,1,1,1,1,1,1,1,1,1,1,1,1,1,1,1,1,1,1,1
group_495,1,1,1,1,1,1,1,1,1,1,1,1,1,1,1,1,1,1,1
group_494,1,1,1,1,1,1,1,1,1,1,1,1,1,1,1,1,1,1,1
group_493,1,1,1,1,1,1,1,1,1,1,1,1,1,1,1,1,1,1,1
group_492,1,1,1,1,1,1,1,1,1,1,1,1,1,1,1,1,1,1,1
tpiA,1,1,1,1,1,1,1,1,1,1,1,1,1,1,1,1,1,1,1
pcm,1,1,1,1,1,1,1,1,1,1,1,1,1,1,1,1,1,1,1
secY,1,1,1,1,1,1,1,1,1,1,1,1,1,1,1,1,1,1,1
rimM,1,1,1,1,1,1,1,1,1,1,1,1,1,1,1,1,1,1,1
rimP,1,1,1,1,1,1,1,1,1,1,1,1,1,1,1,1,1,1,1
ybeY,1,1,1,1,1,1,1,1,1,1,1,1,1,1,1,1,1,1,1
group_491,1,1,1,1,1,1,1,1,1,1,1,1,1,1,1,1,1,1,1
lpxB,1,1,1,1,1,1,1,1,1,1,1,1,1,1,1,1,1,1,1
group_490,1,1,1,1,1,1,1,1,1,1,1,1,1,1,1,1,1,1,1
fliJ,1,1,1,1,1,1,1,1,1,1,1,1,1,1,1,1,1,1,1
group_489,1,1,1,1,1,1,1,1,1,1,1,1,1,1,1,1,1,1,1
trxB,1,1,1,1,1,1,1,1,1,1,1,1,1,1,1,1,1,1,1
group_488,1,1,1,1,1,1,1,1,1,1,1,1,1,1,1,1,1,1,1
rnhA,1,1,1,1,1,1,1,1,1,1,1,1,1,1,1,1,1,1,1
rsmH,1,1,1,1,1,1,1,1,1,1,1,1,1,1,1,1,1,1,1
group_486,1,1,1,1,1,1,1,1,1,1,1,1,1,1,1,1,1,1,1
group_484,1,1,1,1,1,1,1,1,1,1,1,1,1,1,1,1,1,1,1
ccmE,1,1,1,1,1,1,1,1,1,1,1,1,1,1,1,1,1,1,1
group_483,1,1,1,1,1,1,1,1,1,1,1,1,1,1,1,1,1,1,1
nrfE,1,1,1,1,1,1,1,1,1,1,1,1,1,1,1,1,1,1,1
motC,1,1,1,1,1,1,1,1,1,1,1,1,1,1,1,1,1,1,1
rnpA,1,1,1,1,1,1,1,1,1,1,1,1,1,1,1,1,1,1,1
mutM,1,1,1,1,1,1,1,1,1,1,1,1,1,1,1,1,1,1,1
atpF1,1,1,1,1,1,1,1,1,1,1,1,1,1,1,1,1,1,1,1
group_482,1,1,1,1,1,1,1,1,1,1,1,1,1,1,1,1,1,1,1
group_481,1,1,1,1,1,1,1,1,1,1,1,1,1,1,1,1,1,1,1
group_480,1,1,1,1,1,1,1,1,1,1,1,1,1,1,1,1,1,1,1
hemW,1,1,1,1,1,1,1,1,1,1,1,1,1,1,1,1,1,1,1
ispZ,1,1,1,1,1,1,1,1,1,1,1,1,1,1,1,1,1,1,1
mnmE,1,1,1,1,1,1,1,1,1,1,1,1,1,1,1,1,1,1,1
group_479,1,1,1,1,1,1,1,1,1,1,1,1,1,1,1,1,1,1,1
purK,1,1,1,1,1,1,1,1,1,1,1,1,1,1,1,1,1,1,1
fmt,1,1,1,1,1,1,1,1,1,1,1,1,1,1,1,1,1,1,1
pheT,1,1,1,1,1,1,1,1,1,1,1,1,1,1,1,1,1,1,1
thyA,1,1,1,1,1,1,1,1,1,1,1,1,1,1,1,1,1,1,1
group_478,1,1,1,1,1,1,1,1,1,1,1,1,1,1,1,1,1,1,1
group_477,1,1,1,1,1,1,1,1,1,1,1,1,1,1,1,1,1,1,1
nrdH,1,1,1,1,1,1,1,1,1,1,1,1,1,1,1,1,1,1,1
nadD,1,1,1,1,1,1,1,1,1,1,1,1,1,1,1,1,1,1,1
group_476,1,1,1,1,1,1,1,1,1,1,1,1,1,1,1,1,1,1,1
kdsA,1,1,1,1,1,1,1,1,1,1,1,1,1,1,1,1,1,1,1
ribF,1,1,1,1,1,1,1,1,1,1,1,1,1,1,1,1,1,1,1
group_475,1,1,1,1,1,1,1,1,1,1,1,1,1,1,1,1,1,1,1
group_474,1,1,1,1,1,1,1,1,1,1,1,1,1,1,1,1,1,1,1
murG,1,1,1,1,1,1,1,1,1,1,1,1,1,1,1,1,1,1,1
group_473,1,1,1,1,1,1,1,1,1,1,1,1,1,1,1,1,1,1,1
group_472,1,1,1,1,1,1,1,1,1,1,1,1,1,1,1,1,1,1,1
tolR,1,1,1,1,1,1,1,1,1,1,1,1,1,1,1,1,1,1,1
alr,1,1,1,1,1,1,1,1,1,1,1,1,1,1,1,1,1,1,1
group_469,1,1,1,1,1,1,1,1,1,1,1,1,1,1,1,1,1,1,1
gap,1,1,1,1,1,1,1,1,1,1,1,1,1,1,1,1,1,1,1
lipB,1,1,1,1,1,1,1,1,1,1,1,1,1,1,1,1,1,1,1
group_468,1,1,1,1,1,1,1,1,1,1,1,1,1,1,1,1,1,1,1
group_467,1,1,1,1,1,1,1,1,1,1,1,1,1,1,1,1,1,1,1
group_466,1,1,1,1,1,1,1,1,1,1,1,1,1,1,1,1,1,1,1
rpsO,1,1,1,1,1,1,1,1,1,1,1,1,1,1,1,1,1,1,1
group_465,1,1,1,1,1,1,1,1,1,1,1,1,1,1,1,1,1,1,1
lgt,1,1,1,1,1,1,1,1,1,1,1,1,1,1,1,1,1,1,1
group_464,1,1,1,1,1,1,1,1,1,1,1,1,1,1,1,1,1,1,1
group_463,1,1,1,1,1,1,1,1,1,1,1,1,1,1,1,1,1,1,1
group_462,1,1,1,1,1,1,1,1,1,1,1,1,1,1,1,1,1,1,1
atpC,1,1,1,1,1,1,1,1,1,1,1,1,1,1,1,1,1,1,1
priA,1,1,1,1,1,1,1,1,1,1,1,1,1,1,1,1,1,1,1
group_461,1,1,1,1,1,1,1,1,1,1,1,1,1,1,1,1,1,1,1
recF,1,1,1,1,1,1,1,1,1,1,1,1,1,1,1,1,1,1,1
group_460,1,1,1,1,1,1,1,1,1,1,1,1,1,1,1,1,1,1,1
group_459,1,1,1,1,1,1,1,1,1,1,1,1,1,1,1,1,1,1,1
murI,1,1,1,1,1,1,1,1,1,1,1,1,1,1,1,1,1,1,1
group_456,1,1,1,1,1,1,1,1,1,1,1,1,1,1,1,1,1,1,1
gltX,1,1,1,1,1,1,1,1,1,1,1,1,1,1,1,1,1,1,1
group_455,1,1,1,1,1,1,1,1,1,1,1,1,1,1,1,1,1,1,1
fabD,1,1,1,1,1,1,1,1,1,1,1,1,1,1,1,1,1,1,1
ispDF,1,1,1,1,1,1,1,1,1,1,1,1,1,1,1,1,1,1,1
group_454,1,1,1,1,1,1,1,1,1,1,1,1,1,1,1,1,1,1,1
rplL,1,1,1,1,1,1,1,1,1,1,1,1,1,1,1,1,1,1,1
group_450,1,1,1,1,1,1,1,1,1,1,1,1,1,1,1,1,1,1,1
group_449,1,1,1,1,1,1,1,1,1,1,1,1,1,1,1,1,1,1,1
group_448,1,1,1,1,1,1,1,1,1,1,1,1,1,1,1,1,1,1,1
argS,1,1,1,1,1,1,1,1,1,1,1,1,1,1,1,1,1,1,1
group_445,1,1,1,1,1,1,1,1,1,1,1,1,1,1,1,1,1,1,1
group_444,1,1,1,1,1,1,1,1,1,1,1,1,1,1,1,1,1,1,1
group_442,1,1,1,1,1,1,1,1,1,1,1,1,1,1,1,1,1,1,1
group_441,1,1,1,1,1,1,1,1,1,1,1,1,1,1,1,1,1,1,1
gcvT,1,1,1,1,1,1,1,1,1,1,1,1,1,1,1,1,1,1,1
thiC,1,1,1,1,1,1,1,1,1,1,1,1,1,1,1,1,1,1,1
thiE,1,1,1,1,1,1,1,1,1,1,1,1,1,1,1,1,1,1,1
rplK,1,1,1,1,1,1,1,1,1,1,1,1,1,1,1,1,1,1,1
group_439,1,1,1,1,1,1,1,1,1,1,1,1,1,1,1,1,1,1,1
pheS,1,1,1,1,1,1,1,1,1,1,1,1,1,1,1,1,1,1,1
plsY,1,1,1,1,1,1,1,1,1,1,1,1,1,1,1,1,1,1,1
group_438,1,1,1,1,1,1,1,1,1,1,1,1,1,1,1,1,1,1,1
group_437,1,1,1,1,1,1,1,1,1,1,1,1,1,1,1,1,1,1,1
group_436,1,1,1,1,1,1,1,1,1,1,1,1,1,1,1,1,1,1,1
group_435,1,1,1,1,1,1,1,1,1,1,1,1,1,1,1,1,1,1,1
group_434,1,1,1,1,1,1,1,1,1,1,1,1,1,1,1,1,1,1,1
tig,1,1,1,1,1,1,1,1,1,1,1,1,1,1,1,1,1,1,1
rppH,1,1,1,1,1,1,1,1,1,1,1,1,1,1,1,1,1,1,1
group_433,1,1,1,1,1,1,1,1,1,1,1,1,1,1,1,1,1,1,1
group_432,1,1,1,1,1,1,1,1,1,1,1,1,1,1,1,1,1,1,1
group_431,1,1,1,1,1,1,1,1,1,1,1,1,1,1,1,1,1,1,1
flgB,1,1,1,1,1,1,1,1,1,1,1,1,1,1,1,1,1,1,1
flgA,1,1,1,1,1,1,1,1,1,1,1,1,1,1,1,1,1,1,1
rpmF,1,1,1,1,1,1,1,1,1,1,1,1,1,1,1,1,1,1,1
rpoH,1,1,1,1,1,1,1,1,1,1,1,1,1,1,1,1,1,1,1
nspC,1,1,1,1,1,1,1,1,1,1,1,1,1,1,1,1,1,1,1
group_429,1,1,1,1,1,1,1,1,1,1,1,1,1,1,1,1,1,1,1
sufA,1,1,1,1,1,1,1,1,1,1,1,1,1,1,1,1,1,1,1
tkt,1,1,1,1,1,1,1,1,1,1,1,1,1,1,1,1,1,1,1
group_428,1,1,1,1,1,1,1,1,1,1,1,1,1,1,1,1,1,1,1
group_427,1,1,1,1,1,1,1,1,1,1,1,1,1,1,1,1,1,1,1
group_426,1,1,1,1,1,1,1,1,1,1,1,1,1,1,1,1,1,1,1
rplQ,1,1,1,1,1,1,1,1,1,1,1,1,1,1,1,1,1,1,1
adk,1,1,1,1,1,1,1,1,1,1,1,1,1,1,1,1,1,1,1
trmD,1,1,1,1,1,1,1,1,1,1,1,1,1,1,1,1,1,1,1
trmB,1,1,1,1,1,1,1,1,1,1,1,1,1,1,1,1,1,1,1
group_425,1,1,1,1,1,1,1,1,1,1,1,1,1,1,1,1,1,1,1
group_424,1,1,1,1,1,1,1,1,1,1,1,1,1,1,1,1,1,1,1
group_423,1,1,1,1,1,1,1,1,1,1,1,1,1,1,1,1,1,1,1
bamA,1,1,1,1,1,1,1,1,1,1,1,1,1,1,1,1,1,1,1
group_422,1,1,1,1,1,1,1,1,1,1,1,1,1,1,1,1,1,1,1
group_421,1,1,1,1,1,1,1,1,1,1,1,1,1,1,1,1,1,1,1
group_420,1,1,1,1,1,1,1,1,1,1,1,1,1,1,1,1,1,1,1
mutS,1,1,1,1,1,1,1,1,1,1,1,1,1,1,1,1,1,1,1
group_419,1,1,1,1,1,1,1,1,1,1,1,1,1,1,1,1,1,1,1
group_418,1,1,1,1,1,1,1,1,1,1,1,1,1,1,1,1,1,1,1
ispH,1,1,1,1,1,1,1,1,1,1,1,1,1,1,1,1,1,1,1
group_417,1,1,1,1,1,1,1,1,1,1,1,1,1,1,1,1,1,1,1
group_415,1,1,1,1,1,1,1,1,1,1,1,1,1,1,1,1,1,1,1
group_414,1,1,1,1,1,1,1,1,1,1,1,1,1,1,1,1,1,1,1
trkA,1,1,1,1,1,1,1,1,1,1,1,1,1,1,1,1,1,1,1
group_413,1,1,1,1,1,1,1,1,1,1,1,1,1,1,1,1,1,1,1
group_412,1,1,1,1,1,1,1,1,1,1,1,1,1,1,1,1,1,1,1
group_411,1,1,1,1,1,1,1,1,1,1,1,1,1,1,1,1,1,1,1
group_410,1,1,1,1,1,1,1,1,1,1,1,1,1,1,1,1,1,1,1
yidC,1,1,1,1,1,1,1,1,1,1,1,1,1,1,1,1,1,1,1
gpmA,1,1,1,1,1,1,1,1,1,1,1,1,1,1,1,1,1,1,1
grpE,1,1,1,1,1,1,1,1,1,1,1,1,1,1,1,1,1,1,1
group_409,1,1,1,1,1,1,1,1,1,1,1,1,1,1,1,1,1,1,1
atpF2,1,1,1,1,1,1,1,1,1,1,1,1,1,1,1,1,1,1,1
der,1,1,1,1,1,1,1,1,1,1,1,1,1,1,1,1,1,1,1
pstC,1,1,1,1,1,1,1,1,1,1,1,1,1,1,1,1,1,1,1
group_408,1,1,1,1,1,1,1,1,1,1,1,1,1,1,1,1,1,1,1
group_407,1,1,1,1,1,1,1,1,1,1,1,1,1,1,1,1,1,1,1
dapE,1,1,1,1,1,1,1,1,1,1,1,1,1,1,1,1,1,1,1
fliI,1,1,1,1,1,1,1,1,1,1,1,1,1,1,1,1,1,1,1
group_406,1,1,1,1,1,1,1,1,1,1,1,1,1,1,1,1,1,1,1
mnmG,1,1,1,1,1,1,1,1,1,1,1,1,1,1,1,1,1,1,1
fabA,1,1,1,1,1,1,1,1,1,1,1,1,1,1,1,1,1,1,1
group_405,1,1,1,1,1,1,1,1,1,1,1,1,1,1,1,1,1,1,1
group_404,1,1,1,1,1,1,1,1,1,1,1,1,1,1,1,1,1,1,1
truA,1,1,1,1,1,1,1,1,1,1,1,1,1,1,1,1,1,1,1
group_403,1,1,1,1,1,1,1,1,1,1,1,1,1,1,1,1,1,1,1
group_402,1,1,1,1,1,1,1,1,1,1,1,1,1,1,1,1,1,1,1
odhB,1,1,1,1,1,1,1,1,1,1,1,1,1,1,1,1,1,1,1
group_400,1,1,1,1,1,1,1,1,1,1,1,1,1,1,1,1,1,1,1
nrdI,1,1,1,1,1,1,1,1,1,1,1,1,1,1,1,1,1,1,1
proA,1,1,1,1,1,1,1,1,1,1,1,1,1,1,1,1,1,1,1
group_399,1,1,1,1,1,1,1,1,1,1,1,1,1,1,1,1,1,1,1
ndvA,1,1,1,1,1,1,1,1,1,1,1,1,1,1,1,1,1,1,1
eno,1,1,1,1,1,1,1,1,1,1,1,1,1,1,1,1,1,1,1
group_398,1,1,1,1,1,1,1,1,1,1,1,1,1,1,1,1,1,1,1
group_397,1,1,1,1,1,1,1,1,1,1,1,1,1,1,1,1,1,1,1
murE,1,1,1,1,1,1,1,1,1,1,1,1,1,1,1,1,1,1,1
group_396,1,1,1,1,1,1,1,1,1,1,1,1,1,1,1,1,1,1,1
secA,1,1,1,1,1,1,1,1,1,1,1,1,1,1,1,1,1,1,1
group_395,1,1,1,1,1,1,1,1,1,1,1,1,1,1,1,1,1,1,1
tolQ,1,1,1,1,1,1,1,1,1,1,1,1,1,1,1,1,1,1,1
miaA,1,1,1,1,1,1,1,1,1,1,1,1,1,1,1,1,1,1,1
group_393,1,1,1,1,1,1,1,1,1,1,1,1,1,1,1,1,1,1,1
zapE,1,1,1,1,1,1,1,1,1,1,1,1,1,1,1,1,1,1,1
pgk,1,1,1,1,1,1,1,1,1,1,1,1,1,1,1,1,1,1,1
group_391,1,1,1,1,1,1,1,1,1,1,1,1,1,1,1,1,1,1,1
ubiC,1,1,1,1,1,1,1,1,1,1,1,1,1,1,1,1,1,1,1
group_390,1,1,1,1,1,1,1,1,1,1,1,1,1,1,1,1,1,1,1
grxC,1,1,1,1,1,1,1,1,1,1,1,1,1,1,1,1,1,1,1
group_389,1,1,1,1,1,1,1,1,1,1,1,1,1,1,1,1,1,1,1
pnp,1,1,1,1,1,1,1,1,1,1,1,1,1,1,1,1,1,1,1
group_387,1,1,1,1,1,1,1,1,1,1,1,1,1,1,1,1,1,1,1
group_386,1,1,1,1,1,1,1,1,1,1,1,1,1,1,1,1,1,1,1
group_385,1,1,1,1,1,1,1,1,1,1,1,1,1,1,1,1,1,1,1
folD,1,1,1,1,1,1,1,1,1,1,1,1,1,1,1,1,1,1,1
group_384,1,1,1,1,1,1,1,1,1,1,1,1,1,1,1,1,1,1,1
group_383,1,1,1,1,1,1,1,1,1,1,1,1,1,1,1,1,1,1,1
atpD,1,1,1,1,1,1,1,1,1,1,1,1,1,1,1,1,1,1,1
group_382,1,1,1,1,1,1,1,1,1,1,1,1,1,1,1,1,1,1,1
aroA,1,1,1,1,1,1,1,1,1,1,1,1,1,1,1,1,1,1,1
argB,1,1,1,1,1,1,1,1,1,1,1,1,1,1,1,1,1,1,1
aroQ,1,1,1,1,1,1,1,1,1,1,1,1,1,1,1,1,1,1,1
cyoD,1,1,1,1,1,1,1,1,1,1,1,1,1,1,1,1,1,1,1
group_381,1,1,1,1,1,1,1,1,1,1,1,1,1,1,1,1,1,1,1
group_380,1,1,1,1,1,1,1,1,1,1,1,1,1,1,1,1,1,1,1
maf,1,1,1,1,1,1,1,1,1,1,1,1,1,1,1,1,1,1,1
group_375,1,1,1,1,1,1,1,1,1,1,1,1,1,1,1,1,1,1,1
group_372,1,1,1,1,1,1,1,1,1,1,1,1,1,1,1,1,1,1,1
group_369,1,1,1,1,1,1,1,1,1,1,1,1,1,1,1,1,1,1,1
group_366,1,1,1,1,1,1,1,1,1,1,1,1,1,1,1,1,1,1,1
pncB,1,1,1,1,1,1,1,1,1,1,1,1,1,1,1,1,1,1,1
fabG,1,1,1,1,1,1,1,1,1,1,1,1,1,1,1,1,1,1,1
lpdA,1,1,1,1,1,1,1,1,1,1,1,1,1,1,1,1,1,1,1
group_365,1,1,1,1,1,1,1,1,1,1,1,1,1,1,1,1,1,1,1
group_364,1,1,1,1,1,1,1,1,1,1,1,1,1,1,1,1,1,1,1
rpoB,1,1,1,1,1,1,1,1,1,1,1,1,1,1,1,1,1,1,1
group_359,1,1,1,1,1,1,1,1,1,1,1,1,1,1,1,1,1,1,1
valS,1,1,1,1,1,1,1,1,1,1,1,1,1,1,1,1,1,1,1
group_357,1,1,1,1,1,1,1,1,1,1,1,1,1,1,1,1,1,1,1
group_356,1,1,1,1,1,1,1,1,1,1,1,1,1,1,1,1,1,1,1
group_353,1,1,1,1,1,1,1,1,1,1,1,1,1,1,1,1,1,1,1
group_352,1,1,1,1,1,1,1,1,1,1,1,1,1,1,1,1,1,1,1
group_345,1,1,1,1,1,1,1,1,1,1,1,1,1,1,1,1,1,1,1
rnr,1,1,1,1,1,1,1,1,1,1,1,1,1,1,1,1,1,1,1
group_343,1,1,1,1,1,1,1,1,1,1,1,1,1,1,1,1,1,1,1
group_342,1,1,1,1,1,1,1,1,1,1,1,1,1,1,1,1,1,1,1
thiO,1,1,1,1,1,1,1,1,1,1,1,1,1,1,1,1,1,1,1
thiG,1,1,1,1,1,1,1,1,1,1,1,1,1,1,1,1,1,1,1
nusG,1,1,1,1,1,1,1,1,1,1,1,1,1,1,1,1,1,1,1
nth,1,1,1,1,1,1,1,1,1,1,1,1,1,1,1,1,1,1,1
rplT,1,1,1,1,1,1,1,1,1,1,1,1,1,1,1,1,1,1,1
topA,1,1,1,1,1,1,1,1,1,1,1,1,1,1,1,1,1,1,1
dprA,1,1,1,1,1,1,1,1,1,1,1,1,1,1,1,1,1,1,1
group_341,1,1,1,1,1,1,1,1,1,1,1,1,1,1,1,1,1,1,1
radC,1,1,1,1,1,1,1,1,1,1,1,1,1,1,1,1,1,1,1
tACO1,1,1,1,1,1,1,1,1,1,1,1,1,1,1,1,1,1,1,1
group_340,1,1,1,1,1,1,1,1,1,1,1,1,1,1,1,1,1,1,1
group_339,1,1,1,1,1,1,1,1,1,1,1,1,1,1,1,1,1,1,1
group_338,1,1,1,1,1,1,1,1,1,1,1,1,1,1,1,1,1,1,1
rpsF,1,1,1,1,1,1,1,1,1,1,1,1,1,1,1,1,1,1,1
group_337,1,1,1,1,1,1,1,1,1,1,1,1,1,1,1,1,1,1,1
group_335,1,1,1,1,1,1,1,1,1,1,1,1,1,1,1,1,1,1,1
trmFO,1,1,1,1,1,1,1,1,1,1,1,1,1,1,1,1,1,1,1
group_334,1,1,1,1,1,1,1,1,1,1,1,1,1,1,1,1,1,1,1
ialB,1,1,1,1,1,1,1,1,1,1,1,1,1,1,1,1,1,1,1
nuoL,1,1,1,1,1,1,1,1,1,1,1,1,1,1,1,1,1,1,1
group_331,1,1,1,1,1,1,1,1,1,1,1,1,1,1,1,1,1,1,1
group_330,1,1,1,1,1,1,1,1,1,1,1,1,1,1,1,1,1,1,1
flgC,1,1,1,1,1,1,1,1,1,1,1,1,1,1,1,1,1,1,1
flgG,1,1,1,1,1,1,1,1,1,1,1,1,1,1,1,1,1,1,1
group_327,1,1,1,1,1,1,1,1,1,1,1,1,1,1,1,1,1,1,1
group_326,1,1,1,1,1,1,1,1,1,1,1,1,1,1,1,1,1,1,1
nha,1,1,1,1,1,1,1,1,1,1,1,1,1,1,1,1,1,1,1
phaD,1,1,1,1,1,1,1,1,1,1,1,1,1,1,1,1,1,1,1
group_324,1,1,1,1,1,1,1,1,1,1,1,1,1,1,1,1,1,1,1
group_323,1,1,1,1,1,1,1,1,1,1,1,1,1,1,1,1,1,1,1
group_322,1,1,1,1,1,1,1,1,1,1,1,1,1,1,1,1,1,1,1
yajC,1,1,1,1,1,1,1,1,1,1,1,1,1,1,1,1,1,1,1
rpoA,1,1,1,1,1,1,1,1,1,1,1,1,1,1,1,1,1,1,1
rpsM,1,1,1,1,1,1,1,1,1,1,1,1,1,1,1,1,1,1,1
rplS,1,1,1,1,1,1,1,1,1,1,1,1,1,1,1,1,1,1,1
metK,1,1,1,1,1,1,1,1,1,1,1,1,1,1,1,1,1,1,1
lnt,1,1,1,1,1,1,1,1,1,1,1,1,1,1,1,1,1,1,1
flgD,1,1,1,1,1,1,1,1,1,1,1,1,1,1,1,1,1,1,1
group_321,1,1,1,1,1,1,1,1,1,1,1,1,1,1,1,1,1,1,1
lpxA,1,1,1,1,1,1,1,1,1,1,1,1,1,1,1,1,1,1,1
lpxD,1,1,1,1,1,1,1,1,1,1,1,1,1,1,1,1,1,1,1
group_320,1,1,1,1,1,1,1,1,1,1,1,1,1,1,1,1,1,1,1
group_319,1,1,1,1,1,1,1,1,1,1,1,1,1,1,1,1,1,1,1
group_318,1,1,1,1,1,1,1,1,1,1,1,1,1,1,1,1,1,1,1
group_317,1,1,1,1,1,1,1,1,1,1,1,1,1,1,1,1,1,1,1
group_316,1,1,1,1,1,1,1,1,1,1,1,1,1,1,1,1,1,1,1
group_315,1,1,1,1,1,1,1,1,1,1,1,1,1,1,1,1,1,1,1
cyoE,1,1,1,1,1,1,1,1,1,1,1,1,1,1,1,1,1,1,1
group_314,1,1,1,1,1,1,1,1,1,1,1,1,1,1,1,1,1,1,1
group_313,1,1,1,1,1,1,1,1,1,1,1,1,1,1,1,1,1,1,1
group_311,1,1,1,1,1,1,1,1,1,1,1,1,1,1,1,1,1,1,1
group_310,1,1,1,1,1,1,1,1,1,1,1,1,1,1,1,1,1,1,1
group_306,1,1,1,1,1,1,1,1,1,1,1,1,1,1,1,1,1,1,1
group_305,1,1,1,1,1,1,1,1,1,1,1,1,1,1,1,1,1,1,1
group_303,1,1,1,1,1,1,1,1,1,1,1,1,1,1,1,1,1,1,1
group_302,1,1,1,1,1,1,1,1,1,1,1,1,1,1,1,1,1,1,1
yihA,1,1,1,1,1,1,1,1,1,1,1,1,1,1,1,1,1,1,1
dapB,1,1,1,1,1,1,1,1,1,1,1,1,1,1,1,1,1,1,1
group_301,1,1,1,1,1,1,1,1,1,1,1,1,1,1,1,1,1,1,1
group_300,1,1,1,1,1,1,1,1,1,1,1,1,1,1,1,1,1,1,1
group_299,1,1,1,1,1,1,1,1,1,1,1,1,1,1,1,1,1,1,1
atpE,1,1,1,1,1,1,1,1,1,1,1,1,1,1,1,1,1,1,1
group_296,1,1,1,1,1,1,1,1,1,1,1,1,1,1,1,1,1,1,1
pstA,1,1,1,1,1,1,1,1,1,1,1,1,1,1,1,1,1,1,1
group_295,1,1,1,1,1,1,1,1,1,1,1,1,1,1,1,1,1,1,1
infC,1,1,1,1,1,1,1,1,1,1,1,1,1,1,1,1,1,1,1
group_294,1,1,1,1,1,1,1,1,1,1,1,1,1,1,1,1,1,1,1
flgF,1,1,1,1,1,1,1,1,1,1,1,1,1,1,1,1,1,1,1
group_293,1,1,1,1,1,1,1,1,1,1,1,1,1,1,1,1,1,1,1
rsmG,1,1,1,1,1,1,1,1,1,1,1,1,1,1,1,1,1,1,1
fabB,1,1,1,1,1,1,1,1,1,1,1,1,1,1,1,1,1,1,1
group_292,1,1,1,1,1,1,1,1,1,1,1,1,1,1,1,1,1,1,1
murA,1,1,1,1,1,1,1,1,1,1,1,1,1,1,1,1,1,1,1
lepA,1,1,1,1,1,1,1,1,1,1,1,1,1,1,1,1,1,1,1
group_291,1,1,1,1,1,1,1,1,1,1,1,1,1,1,1,1,1,1,1
group_290,1,1,1,1,1,1,1,1,1,1,1,1,1,1,1,1,1,1,1
hflK,1,1,1,1,1,1,1,1,1,1,1,1,1,1,1,1,1,1,1
group_289,1,1,1,1,1,1,1,1,1,1,1,1,1,1,1,1,1,1,1
sucA,1,1,1,1,1,1,1,1,1,1,1,1,1,1,1,1,1,1,1
group_288,1,1,1,1,1,1,1,1,1,1,1,1,1,1,1,1,1,1,1
group_287,1,1,1,1,1,1,1,1,1,1,1,1,1,1,1,1,1,1,1
group_286,1,1,1,1,1,1,1,1,1,1,1,1,1,1,1,1,1,1,1
nrdE,1,1,1,1,1,1,1,1,1,1,1,1,1,1,1,1,1,1,1
proB,1,1,1,1,1,1,1,1,1,1,1,1,1,1,1,1,1,1,1
group_285,1,1,1,1,1,1,1,1,1,1,1,1,1,1,1,1,1,1,1
alaS,1,1,1,1,1,1,1,1,1,1,1,1,1,1,1,1,1,1,1
group_284,1,1,1,1,1,1,1,1,1,1,1,1,1,1,1,1,1,1,1
murJ,1,1,1,1,1,1,1,1,1,1,1,1,1,1,1,1,1,1,1
group_283,1,1,1,1,1,1,1,1,1,1,1,1,1,1,1,1,1,1,1
murF,1,1,1,1,1,1,1,1,1,1,1,1,1,1,1,1,1,1,1
murD,1,1,1,1,1,1,1,1,1,1,1,1,1,1,1,1,1,1,1
group_282,1,1,1,1,1,1,1,1,1,1,1,1,1,1,1,1,1,1,1
prmC,1,1,1,1,1,1,1,1,1,1,1,1,1,1,1,1,1,1,1
group_281,1,1,1,1,1,1,1,1,1,1,1,1,1,1,1,1,1,1,1
group_280,1,1,1,1,1,1,1,1,1,1,1,1,1,1,1,1,1,1,1
ybgC,1,1,1,1,1,1,1,1,1,1,1,1,1,1,1,1,1,1,1
ruvA,1,1,1,1,1,1,1,1,1,1,1,1,1,1,1,1,1,1,1
pdxJ,1,1,1,1,1,1,1,1,1,1,1,1,1,1,1,1,1,1,1
group_279,1,1,1,1,1,1,1,1,1,1,1,1,1,1,1,1,1,1,1
group_278,1,1,1,1,1,1,1,1,1,1,1,1,1,1,1,1,1,1,1
trhO,1,1,1,1,1,1,1,1,1,1,1,1,1,1,1,1,1,1,1
nuoC,1,1,1,1,1,1,1,1,1,1,1,1,1,1,1,1,1,1,1
mdh,1,1,1,1,1,1,1,1,1,1,1,1,1,1,1,1,1,1,1
group_275,1,1,1,1,1,1,1,1,1,1,1,1,1,1,1,1,1,1,1
group_274,1,1,1,1,1,1,1,1,1,1,1,1,1,1,1,1,1,1,1
carB,1,1,1,1,1,1,1,1,1,1,1,1,1,1,1,1,1,1,1
carA,1,1,1,1,1,1,1,1,1,1,1,1,1,1,1,1,1,1,1
nhaA,1,1,1,1,1,1,1,1,1,1,1,1,1,1,1,1,1,1,1
ubiG,1,1,1,1,1,1,1,1,1,1,1,1,1,1,1,1,1,1,1
lon,1,1,1,1,1,1,1,1,1,1,1,1,1,1,1,1,1,1,1
nuoG,1,1,1,1,1,1,1,1,1,1,1,1,1,1,1,1,1,1,1
nuoE,1,1,1,1,1,1,1,1,1,1,1,1,1,1,1,1,1,1,1
hslV,1,1,1,1,1,1,1,1,1,1,1,1,1,1,1,1,1,1,1
group_273,1,1,1,1,1,1,1,1,1,1,1,1,1,1,1,1,1,1,1
group_271,1,1,1,1,1,1,1,1,1,1,1,1,1,1,1,1,1,1,1
group_270,1,1,1,1,1,1,1,1,1,1,1,1,1,1,1,1,1,1,1
group_269,1,1,1,1,1,1,1,1,1,1,1,1,1,1,1,1,1,1,1
flgE,1,1,1,1,1,1,1,1,1,1,1,1,1,1,1,1,1,1,1
group_268,1,1,1,1,1,1,1,1,1,1,1,1,1,1,1,1,1,1,1
ilvC,1,1,1,1,1,1,1,1,1,1,1,1,1,1,1,1,1,1,1
group_267,1,1,1,1,1,1,1,1,1,1,1,1,1,1,1,1,1,1,1
group_266,1,1,1,1,1,1,1,1,1,1,1,1,1,1,1,1,1,1,1
gpsA,1,1,1,1,1,1,1,1,1,1,1,1,1,1,1,1,1,1,1
rplI,1,1,1,1,1,1,1,1,1,1,1,1,1,1,1,1,1,1,1
radA,1,1,1,1,1,1,1,1,1,1,1,1,1,1,1,1,1,1,1
atpG,1,1,1,1,1,1,1,1,1,1,1,1,1,1,1,1,1,1,1
atpH,1,1,1,1,1,1,1,1,1,1,1,1,1,1,1,1,1,1,1
group_265,1,1,1,1,1,1,1,1,1,1,1,1,1,1,1,1,1,1,1
cmk,1,1,1,1,1,1,1,1,1,1,1,1,1,1,1,1,1,1,1
ppa,1,1,1,1,1,1,1,1,1,1,1,1,1,1,1,1,1,1,1
sdhD,1,1,1,1,1,1,1,1,1,1,1,1,1,1,1,1,1,1,1
group_264,1,1,1,1,1,1,1,1,1,1,1,1,1,1,1,1,1,1,1
dnaJ,1,1,1,1,1,1,1,1,1,1,1,1,1,1,1,1,1,1,1
cyoA,1,1,1,1,1,1,1,1,1,1,1,1,1,1,1,1,1,1,1
cyoC,1,1,1,1,1,1,1,1,1,1,1,1,1,1,1,1,1,1,1
fliR,1,1,1,1,1,1,1,1,1,1,1,1,1,1,1,1,1,1,1
pepN,1,1,1,1,1,1,1,1,1,1,1,1,1,1,1,1,1,1,1
yacG,1,1,1,1,1,1,1,1,1,1,1,1,1,1,1,1,1,1,1
map,1,1,1,1,1,1,1,1,1,1,1,1,1,1,1,1,1,1,1
tuf,1,1,1,1,1,1,1,1,1,1,1,1,1,1,1,1,1,1,1
group_242,1,1,1,1,1,1,1,1,1,1,1,1,1,1,1,1,1,1,1
tldD,1,1,1,1,1,1,1,1,1,1,1,1,1,1,1,1,1,1,1
group_236,1,1,1,1,1,1,1,1,1,1,1,1,1,1,1,1,1,1,1
group_232,1,1,1,1,1,1,1,1,1,1,1,1,1,1,1,1,1,1,1
acpP,1,1,1,1,1,1,1,1,1,1,1,1,1,1,1,1,1,1,1
lipA,1,1,1,1,1,1,1,1,1,1,1,1,1,1,1,1,1,1,1
mgtE,1,1,1,1,1,1,1,1,1,1,1,1,1,1,1,1,1,1,1
rpoC,1,1,1,1,1,1,1,1,1,1,1,1,1,1,1,1,1,1,1
glnQ,1,1,1,1,1,1,1,1,1,1,1,1,1,1,1,1,1,1,1
group_221,1,1,1,1,1,1,1,1,1,1,1,1,1,1,1,1,1,1,1
group_216,1,1,1,1,1,1,1,1,1,1,1,1,1,1,1,1,1,1,1
group_172,1,1,1,1,1,1,1,1,1,1,1,1,1,1,1,1,1,1,1
rpmG,1,1,1,1,1,1,1,1,1,1,1,1,1,1,1,1,1,1,1
group_167,1,1,1,1,1,1,1,1,1,1,1,1,1,1,1,1,1,1,1
group_160,1,1,1,1,1,1,1,1,1,1,1,1,1,1,1,1,1,1,1
thiS,1,1,1,1,1,1,1,1,1,1,1,1,1,1,1,1,1,1,1
secE,1,1,1,1,1,1,1,1,1,1,1,1,1,1,1,1,1,1,1
rpmI,1,1,1,1,1,1,1,1,1,1,1,1,1,1,1,1,1,1,1
group_147,1,1,1,1,1,1,1,1,1,1,1,1,1,1,1,1,1,1,1
group_145,1,1,1,1,1,1,1,1,1,1,1,1,1,1,1,1,1,1,1
group_144,1,1,1,1,1,1,1,1,1,1,1,1,1,1,1,1,1,1,1
rpmE,1,1,1,1,1,1,1,1,1,1,1,1,1,1,1,1,1,1,1
rpsU,1,1,1,1,1,1,1,1,1,1,1,1,1,1,1,1,1,1,1
rpsR,1,1,1,1,1,1,1,1,1,1,1,1,1,1,1,1,1,1,1
fliQ,1,1,1,1,1,1,1,1,1,1,1,1,1,1,1,1,1,1,1
himA,1,1,1,1,1,1,1,1,1,1,1,1,1,1,1,1,1,1,1
group_110,1,1,1,1,1,1,1,1,1,1,1,1,1,1,1,1,1,1,1
nuoK,1,1,1,1,1,1,1,1,1,1,1,1,1,1,1,1,1,1,1
group_99,1,1,1,1,1,1,1,1,1,1,1,1,1,1,1,1,1,1,1
fliE,1,1,1,1,1,1,1,1,1,1,1,1,1,1,1,1,1,1,1
group_93,1,1,1,1,1,1,1,1,1,1,1,1,1,1,1,1,1,1,1
group_91,1,1,1,1,1,1,1,1,1,1,1,1,1,1,1,1,1,1,1
atoC,1,1,1,1,1,1,1,1,1,1,1,1,1,1,1,1,1,1,1
flaF,1,1,1,1,1,1,1,1,1,1,1,1,1,1,1,1,1,1,1
group_80,1,1,1,1,1,1,1,1,1,1,1,1,1,1,1,1,1,1,1
rpsK,1,1,1,1,1,1,1,1,1,1,1,1,1,1,1,1,1,1,1
sdhC,1,1,1,1,1,1,1,1,1,1,1,1,1,1,1,1,1,1,1
hipB,1,1,1,1,1,1,1,1,1,1,1,1,1,1,1,1,1,1,1
flbT,1,1,1,1,1,1,1,1,1,1,1,1,1,1,1,1,1,1,1
group_72,1,1,1,1,1,1,1,1,1,1,1,1,1,1,1,1,1,1,1
fabZ,1,1,1,1,1,1,1,1,1,1,1,1,1,1,1,1,1,1,1
group_68,1,1,1,1,1,1,1,1,1,1,1,1,1,1,1,1,1,1,1
greA,1,1,1,1,1,1,1,1,1,1,1,1,1,1,1,1,1,1,1
secB,1,1,1,1,1,1,1,1,1,1,1,1,1,1,1,1,1,1,1
nuoI,1,1,1,1,1,1,1,1,1,1,1,1,1,1,1,1,1,1,1
ruvC,1,1,1,1,1,1,1,1,1,1,1,1,1,1,1,1,1,1,1
group_60,1,1,1,1,1,1,1,1,1,1,1,1,1,1,1,1,1,1,1
efp,1,1,1,1,1,1,1,1,1,1,1,1,1,1,1,1,1,1,1
nuoB,1,1,1,1,1,1,1,1,1,1,1,1,1,1,1,1,1,1,1
pncA,1,1,1,1,1,1,1,1,1,1,1,1,1,1,1,1,1,1,1
group_54,1,1,1,1,1,1,1,1,1,1,1,1,1,1,1,1,1,1,1
clpP,1,1,1,1,1,1,1,1,1,1,1,1,1,1,1,1,1,1,1
group_51,1,1,1,1,1,1,1,1,1,1,1,1,1,1,1,1,1,1,1
group_49,1,1,1,1,1,1,1,1,1,1,1,1,1,1,1,1,1,1,1
group_48,1,1,1,1,1,1,1,1,1,1,1,1,1,1,1,1,1,1,1
group_46,1,1,1,1,1,1,1,1,1,1,1,1,1,1,1,1,1,1,1
rlmE,1,1,1,1,1,1,1,1,1,1,1,1,1,1,1,1,1,1,1
ompR,1,1,1,1,1,1,1,1,1,1,1,1,1,1,1,1,1,1,1
phoU,1,1,1,1,1,1,1,1,1,1,1,1,1,1,1,1,1,1,1
atpB,1,1,1,1,1,1,1,1,1,1,1,1,1,1,1,1,1,1,1
pstB,1,1,1,1,1,1,1,1,1,1,1,1,1,1,1,1,1,1,1
sdhB,1,1,1,1,1,1,1,1,1,1,1,1,1,1,1,1,1,1,1
group_44,1,1,1,1,1,1,1,1,1,1,1,1,1,1,1,1,1,1,1
group_43,1,1,1,1,1,1,1,1,1,1,1,1,1,1,1,1,1,1,1
parA,1,1,1,1,1,1,1,1,1,1,1,1,1,1,1,1,1,1,1
fabI,1,1,1,1,1,1,1,1,1,1,1,1,1,1,1,1,1,1,1
group_42,1,1,1,1,1,1,1,1,1,1,1,1,1,1,1,1,1,1,1
dapD,1,1,1,1,1,1,1,1,1,1,1,1,1,1,1,1,1,1,1
group_40,1,1,1,1,1,1,1,1,1,1,1,1,1,1,1,1,1,1,1
hflC,1,1,1,1,1,1,1,1,1,1,1,1,1,1,1,1,1,1,1
motA,1,1,1,1,1,1,1,1,1,1,1,1,1,1,1,1,1,1,1
sucD,1,1,1,1,1,1,1,1,1,1,1,1,1,1,1,1,1,1,1
group_36,1,1,1,1,1,1,1,1,1,1,1,1,1,1,1,1,1,1,1
fliM,1,1,1,1,1,1,1,1,1,1,1,1,1,1,1,1,1,1,1
nrdF,1,1,1,1,1,1,1,1,1,1,1,1,1,1,1,1,1,1,1
obgE,1,1,1,1,1,1,1,1,1,1,1,1,1,1,1,1,1,1,1
recA,1,1,1,1,1,1,1,1,1,1,1,1,1,1,1,1,1,1,1
nuoH,1,1,1,1,1,1,1,1,1,1,1,1,1,1,1,1,1,1,1
pdhA,1,1,1,1,1,1,1,1,1,1,1,1,1,1,1,1,1,1,1
trpS,1,1,1,1,1,1,1,1,1,1,1,1,1,1,1,1,1,1,1
flhB,1,1,1,1,1,1,1,1,1,1,1,1,1,1,1,1,1,1,1
mraY,1,1,1,1,1,1,1,1,1,1,1,1,1,1,1,1,1,1,1
prfA,1,1,1,1,1,1,1,1,1,1,1,1,1,1,1,1,1,1,1
flgL,1,1,1,1,1,1,1,1,1,1,1,1,1,1,1,1,1,1,1
fliG,1,1,1,1,1,1,1,1,1,1,1,1,1,1,1,1,1,1,1
tsaD,1,1,1,1,1,1,1,1,1,1,1,1,1,1,1,1,1,1,1
ruvB,1,1,1,1,1,1,1,1,1,1,1,1,1,1,1,1,1,1,1
group_27,1,1,1,1,1,1,1,1,1,1,1,1,1,1,1,1,1,1,1
speD,1,1,1,1,1,1,1,1,1,1,1,1,1,1,1,1,1,1,1
nuoD,1,1,1,1,1,1,1,1,1,1,1,1,1,1,1,1,1,1,1
sucC,1,1,1,1,1,1,1,1,1,1,1,1,1,1,1,1,1,1,1
group_22,1,1,1,1,1,1,1,1,1,1,1,1,1,1,1,1,1,1,1
group_20,1,1,1,1,1,1,1,1,1,1,1,1,1,1,1,1,1,1,1
group_19,1,1,1,1,1,1,1,1,1,1,1,1,1,1,1,1,1,1,1
fabF,1,1,1,1,1,1,1,1,1,1,1,1,1,1,1,1,1,1,1
clpX,1,1,1,1,1,1,1,1,1,1,1,1,1,1,1,1,1,1,1
nuoF,1,1,1,1,1,1,1,1,1,1,1,1,1,1,1,1,1,1,1
hslU,1,1,1,1,1,1,1,1,1,1,1,1,1,1,1,1,1,1,1
group_17,1,1,1,1,1,1,1,1,1,1,1,1,1,1,1,1,1,1,1
group_16,1,1,1,1,1,1,1,1,1,1,1,1,1,1,1,1,1,1,1
flgK,1,1,1,1,1,1,1,1,1,1,1,1,1,1,1,1,1,1,1
group_13,1,1,1,1,1,1,1,1,1,1,1,1,1,1,1,1,1,1,1
cycA,1,1,1,1,1,1,1,1,1,1,1,1,1,1,1,1,1,1,1
group_11,1,1,1,1,1,1,1,1,1,1,1,1,1,1,1,1,1,1,1
group_10,1,1,1,1,1,1,1,1,1,1,1,1,1,1,1,1,1,1,1
dnaB,1,1,1,1,1,1,1,1,1,1,1,1,1,1,1,1,1,1,1
atpA,1,1,1,1,1,1,1,1,1,1,1,1,1,1,1,1,1,1,1
rpsA,1,1,1,1,1,1,1,1,1,1,1,1,1,1,1,1,1,1,1
typA,1,1,1,1,1,1,1,1,1,1,1,1,1,1,1,1,1,1,1
sdhA,1,1,1,1,1,1,1,1,1,1,1,1,1,1,1,1,1,1,1
dnaK,1,1,1,1,1,1,1,1,1,1,1,1,1,1,1,1,1,1,1
cyoB,1,1,1,1,1,1,1,1,1,1,1,1,1,1,1,1,1,1,1
flhA,1,1,1,1,1,1,1,1,1,1,1,1,1,1,1,1,1,1,1
group_2,1,1,1,1,1,1,1,1,1,1,1,1,1,1,1,1,1,1,1
group_819,0,1,1,1,1,1,1,1,1,1,1,1,1,1,1,1,1,1,1
group_814,1,1,1,1,1,1,1,1,0,1,1,1,1,1,1,1,1,1,1
group_781,1,1,1,1,1,1,1,1,1,1,1,0,1,1,1,1,1,1,1
group_743,1,1,1,1,1,1,1,1,1,1,0,1,1,1,1,1,1,1,1
group_699,1,1,1,1,1,1,1,1,1,1,1,1,1,1,0,1,1,1,1
group_458,1,1,1,1,1,1,1,1,1,1,1,1,0,1,1,1,1,1,1
group_440,1,1,1,1,1,1,1,1,1,1,1,1,0,1,1,1,1,1,1
group_416,1,1,1,1,1,1,1,1,1,1,1,1,0,1,1,1,1,1,1
group_394,1,1,1,1,1,1,1,1,1,1,1,0,1,1,1,1,1,1,1
group_392,1,1,1,1,1,1,1,1,1,1,1,1,0,1,1,1,1,1,1
group_371,1,1,1,1,1,1,1,1,1,1,1,1,0,1,1,1,1,1,1
group_368,1,1,1,1,1,1,1,1,1,1,1,1,0,1,1,1,1,1,1
group_358,1,1,1,1,1,1,1,1,1,1,1,1,0,1,1,1,1,1,1
group_351,1,1,1,1,1,1,1,1,1,1,1,1,0,1,1,1,1,1,1
group_349,1,1,1,1,1,1,1,1,1,1,1,1,0,1,1,1,1,1,1
group_344,1,1,1,1,1,1,1,1,1,1,1,1,0,1,1,1,1,1,1
group_312,1,1,1,1,1,1,1,1,1,1,1,1,0,1,1,1,1,1,1
ettA,1,1,1,0,1,1,1,1,1,1,1,1,1,1,1,1,1,1,1
group_277,1,1,1,1,1,1,1,1,1,1,1,1,0,1,1,1,1,1,1
group_276,1,1,1,1,1,1,1,1,1,1,1,1,0,1,1,1,1,1,1
group_261,1,1,1,1,1,1,1,1,1,1,1,1,0,1,1,1,1,1,1
group_260,1,1,1,1,1,1,1,1,1,1,1,1,0,1,1,1,1,1,1
group_256,1,1,1,1,1,1,1,1,1,1,1,1,0,1,1,1,1,1,1
group_255,1,1,1,1,1,1,1,1,1,1,1,1,0,1,1,1,1,1,1
rpsG,1,1,1,1,1,1,1,1,1,1,1,1,0,1,1,1,1,1,1
group_253,1,1,1,1,1,1,1,1,1,1,1,1,0,1,1,1,1,1,1
group_252,1,1,1,1,1,1,1,1,1,1,1,1,0,1,1,1,1,1,1
group_251,1,1,1,1,1,1,1,1,1,1,1,1,0,1,1,1,1,1,1
group_249,1,1,1,1,1,1,1,1,1,1,1,1,0,1,1,1,1,1,1
group_243,1,1,1,1,1,1,1,1,1,1,1,1,0,1,1,1,1,1,1
group_238,1,1,1,1,1,1,1,1,1,1,1,1,0,1,1,1,1,1,1
group_237,1,1,1,1,1,1,1,1,1,1,1,1,0,1,1,1,1,1,1
group_235,1,1,1,1,1,1,1,1,1,1,1,1,0,1,1,1,1,1,1
group_234,1,1,1,1,1,1,1,1,1,1,1,1,0,1,1,1,1,1,1
group_233,1,1,1,1,1,1,1,1,1,1,1,1,0,1,1,1,1,1,1
group_230,1,1,1,1,1,1,1,1,1,1,1,1,0,1,1,1,1,1,1
group_228,1,1,1,1,1,1,1,1,1,1,1,1,0,1,1,1,1,1,1
xth,1,1,1,1,1,1,1,1,1,1,1,1,0,1,1,1,1,1,1
group_222,1,1,1,1,1,1,1,1,1,1,1,1,0,1,1,1,1,1,1
rplX,1,1,1,1,1,1,1,1,1,1,1,1,0,1,1,1,1,1,1
group_213,1,1,1,1,1,1,1,1,1,1,1,1,0,1,1,1,1,1,1
group_203,1,1,1,1,1,1,1,1,1,1,1,1,0,1,1,1,1,1,1
group_202,1,1,1,1,1,1,1,1,1,1,1,1,0,1,1,1,1,1,1
group_191,1,1,1,1,1,1,1,1,1,1,1,1,0,1,1,1,1,1,1
group_190,1,1,1,1,1,1,1,1,1,1,1,1,0,1,1,1,1,1,1
group_188,1,1,1,1,1,1,1,1,1,1,1,1,0,1,1,1,1,1,1
group_164,1,1,1,1,1,1,1,1,1,1,1,1,0,1,1,1,1,1,1
group_140,1,1,1,1,1,1,1,1,1,1,1,1,0,1,1,1,1,1,1
group_137,1,1,1,1,1,1,1,1,1,1,1,1,0,1,1,1,1,1,1
group_133,1,1,1,1,1,1,1,1,1,1,1,1,0,1,1,1,1,1,1
group_128,1,1,1,1,1,1,1,1,1,1,1,1,0,1,1,1,1,1,1
group_69,1,1,1,1,1,1,1,1,1,1,1,1,0,1,1,1,1,1,1
group_67,1,1,1,1,1,1,1,1,1,1,1,1,0,1,1,1,1,1,1
group_59,1,1,1,1,1,1,1,1,1,1,1,1,0,1,1,1,1,1,1
group_37,1,1,1,1,1,1,1,1,1,1,1,1,0,1,1,1,1,1,1
group_25,1,1,1,1,1,1,1,1,1,1,1,1,0,1,1,1,1,1,1
group_24,1,1,1,1,1,1,1,1,1,1,1,1,0,1,1,1,1,1,1
group_21,1,1,1,1,1,1,1,1,1,1,1,1,0,1,1,1,1,1,1
group_12,1,1,1,1,1,1,1,1,1,1,1,1,0,1,1,1,1,1,1
group_8,1,1,1,1,1,1,1,1,1,1,1,1,0,1,1,1,1,1,1
group_6,1,1,1,1,1,1,1,1,1,1,1,1,0,1,1,1,1,1,1
secF,1,1,1,1,1,1,1,1,1,1,1,1,0,1,1,1,1,1,1
group_550,1,1,1,1,1,1,0,1,0,1,1,1,1,1,1,1,1,1,1
group_309,1,1,1,1,1,1,1,1,1,0,1,1,0,1,1,1,1,1,1
group_263,1,1,1,1,1,1,1,1,1,1,1,1,0,1,1,0,1,1,1
group_231,1,1,1,1,1,1,1,1,1,1,1,0,0,1,1,1,1,1,1
group_163,1,1,1,1,1,1,1,1,1,0,1,1,0,1,1,1,1,1,1
group_157,1,1,1,1,1,1,1,1,1,1,1,0,0,1,1,1,1,1,1
group_156,1,1,1,1,1,1,1,1,1,1,1,1,0,0,1,1,1,1,1
group_86,1,1,1,1,1,1,1,1,1,1,1,0,0,1,1,1,1,1,1
clpB,1,1,1,1,1,1,1,1,0,1,1,0,1,1,1,1,1,1,1
group_741,1,1,1,1,1,1,1,1,0,1,0,1,0,1,1,1,1,1,1
group_499,1,1,1,1,1,1,1,1,0,1,0,1,0,1,1,1,1,1,1
group_498,1,1,1,1,1,1,1,1,0,1,0,1,0,1,1,1,1,1,1
group_430,1,1,1,1,1,1,1,1,0,1,0,1,0,1,1,1,1,1,1
group_377,1,1,1,1,1,1,1,1,0,1,0,1,0,1,1,1,1,1,1
group_376,1,1,1,1,1,1,1,1,0,1,0,1,0,1,1,1,1,1,1
group_367,1,1,1,1,1,1,1,1,0,1,0,1,0,1,1,1,1,1,1
group_333,1,1,1,1,1,1,1,1,0,1,0,1,0,1,1,1,1,1,1
group_332,1,1,1,1,1,1,1,1,0,1,0,1,0,1,1,1,1,1,1
group_329,1,1,1,1,1,1,1,1,1,0,1,1,0,0,1,1,1,1,1
group_308,1,1,1,1,1,1,1,1,0,1,0,1,0,1,1,1,1,1,1
group_298,1,1,0,1,1,1,1,1,1,1,1,0,0,1,1,1,1,1,1
group_297,1,1,1,1,1,1,1,1,1,1,1,1,0,0,0,1,1,1,1
group_272,1,1,1,1,1,1,1,1,0,1,0,1,0,1,1,1,1,1,1
group_257,0,1,1,1,1,1,0,1,1,1,1,1,0,1,1,1,1,1,1
group_241,1,1,1,1,1,1,1,1,0,1,0,1,0,1,1,1,1,1,1
group_102,1,1,1,1,1,1,1,1,0,1,0,1,0,1,1,1,1,1,1
group_79,1,1,1,1,1,1,1,1,1,0,1,0,0,1,1,1,1,1,1
group_764,1,1,1,0,1,1,0,1,1,1,1,0,1,1,1,1,1,1,0
group_763,1,1,1,0,1,1,0,1,1,1,1,0,1,1,1,1,1,1,0
group_619,1,1,0,1,1,1,1,1,0,1,0,0,1,1,1,1,1,1,1
group_485,1,1,1,1,1,1,1,1,0,1,0,1,0,1,0,1,1,1,1
group_471,1,1,1,1,1,1,0,0,0,1,1,0,1,1,1,1,1,1,1
group_401,1,1,1,1,1,1,1,0,1,0,1,1,1,1,0,1,0,1,1
group_328,1,1,1,1,1,1,1,1,0,1,0,1,0,1,0,1,1,1,1
group_246,1,1,1,1,1,1,1,0,1,0,1,1,0,1,0,1,1,1,1
group_245,1,1,1,1,1,1,1,0,1,0,1,1,0,1,0,1,1,1,1
group_174,1,1,1,1,1,1,1,1,0,1,0,0,0,1,1,1,1,1,1
group_149,1,1,1,1,1,1,0,1,1,0,1,1,0,1,1,0,1,1,1
group_95,1,1,1,1,1,1,1,1,0,1,0,1,0,1,0,1,1,1,1
rplC,0,1,0,0,1,1,0,1,1,1,1,1,0,1,1,1,1,1,1
rplB,0,1,0,0,1,1,0,1,1,1,1,1,0,1,1,1,1,1,1
rplD,0,1,0,0,1,1,0,1,1,1,1,1,0,1,1,1,1,1,1
rplN,0,1,0,0,1,1,0,1,1,1,1,1,0,1,1,1,1,1,1
rpsQ,0,1,0,0,1,1,0,1,1,1,1,1,0,1,1,1,1,1,1
rpmC,0,1,0,0,1,1,0,1,1,1,1,1,0,1,1,1,1,1,1
rplP,0,1,0,0,1,1,0,1,1,1,1,1,0,1,1,1,1,1,1
rpsC,0,1,0,0,1,1,0,1,1,1,1,1,0,1,1,1,1,1,1
rplV,0,1,0,0,1,1,0,1,1,1,1,1,0,1,1,1,1,1,1
rpsS,0,1,0,0,1,1,0,1,1,1,1,1,0,1,1,1,1,1,1
rplW,0,1,0,0,1,1,0,1,1,1,1,1,0,1,1,1,1,1,1
rpsJ,0,1,0,0,1,1,0,1,1,1,1,1,0,1,1,1,1,1,1
group_217,1,1,1,1,1,1,0,1,1,0,1,1,0,1,0,1,0,1,1
group_158,1,1,1,1,1,1,1,0,1,0,1,1,0,1,0,1,0,1,1
group_116,1,1,1,1,1,1,1,1,0,1,0,0,0,1,0,1,1,1,1
group_443,1,1,1,1,1,1,1,1,0,1,1,0,0,0,0,0,1,1,1
group_388,1,1,0,1,1,1,1,1,0,1,0,0,0,1,1,0,1,1,1
group_138,1,1,1,1,1,1,1,0,1,0,1,0,0,1,0,1,0,1,1
group_135,1,1,1,1,1,1,1,0,1,0,1,0,0,1,0,1,0,1,1
group_119,1,1,1,1,1,1,1,0,1,0,1,0,0,1,0,1,0,1,1
group_742,0,1,1,0,1,1,0,1,1,1,0,1,0,0,1,0,1,1,1
group_350,1,1,0,1,1,1,1,1,0,1,0,0,0,0,1,0,1,1,1
group_348,1,1,0,1,1,1,1,1,0,1,0,0,0,1,0,0,1,1,1
group_239,1,1,0,1,1,1,1,1,0,1,0,1,0,0,0,0,1,1,1
group_199,1,1,0,1,1,1,1,0,1,0,1,0,0,1,0,1,0,1,1
group_123,1,1,0,1,1,1,1,1,0,1,0,0,0,0,1,0,1,1,1
group_747,1,1,0,0,1,1,0,0,0,0,1,1,1,1,1,0,0,1,1
group_470,1,1,1,0,1,1,1,0,1,0,0,1,0,1,0,0,0,1,1
group_336,1,1,0,1,1,1,1,0,0,0,0,1,0,1,0,1,0,1,1
group_218,1,1,1,1,1,1,0,0,1,0,1,0,0,1,0,0,0,1,1
group_131,1,1,1,1,1,1,1,0,0,0,0,0,0,1,0,1,0,1,1
group_130,1,1,0,1,1,1,1,0,0,0,0,1,0,1,0,1,0,1,1
group_50,1,1,0,1,1,1,1,0,0,0,0,1,0,1,0,1,0,1,1
group_745,0,0,1,0,0,1,0,1,1,1,0,1,0,1,1,1,1,0,0
group_189,1,1,0,1,1,1,1,0,0,0,0,1,0,0,1,0,0,1,1
group_176,1,1,0,1,1,1,1,0,0,0,0,1,0,0,0,1,0,1,1
group_126,1,1,0,1,1,1,1,0,0,0,1,1,0,0,0,0,0,1,1
group_73,1,1,0,0,1,1,1,0,0,0,0,1,0,1,0,1,1,1,0
group_609,1,1,1,1,1,1,1,0,0,0,0,0,1,0,0,0,0,1,0
group_587,1,1,1,1,1,1,1,0,0,0,0,0,1,0,0,0,0,1,0
group_551,1,1,1,1,1,1,1,0,0,0,0,0,1,0,0,0,0,1,0
group_505,1,1,1,1,1,1,1,0,0,0,0,0,1,0,0,0,0,1,0
group_504,1,1,1,1,1,1,1,0,0,0,0,0,1,0,0,0,0,1,0
group_457,1,1,1,1,1,1,1,0,0,0,0,0,1,0,0,0,0,1,0
group_447,1,1,1,1,1,1,1,0,0,0,0,0,1,0,0,0,0,1,0
group_446,1,1,1,1,1,1,1,0,0,0,0,0,1,0,0,0,0,1,0
group_373,1,1,1,1,1,1,1,0,0,0,0,0,1,0,0,0,0,1,0
group_355,1,1,1,1,1,1,1,0,0,0,0,0,1,0,0,0,0,1,0
group_354,1,1,1,1,1,1,1,0,0,0,0,0,1,0,0,0,0,1,0
group_304,1,0,1,1,0,0,0,1,0,1,0,0,0,1,1,0,1,0,1
group_248,1,1,1,1,1,1,1,0,0,0,0,0,1,0,0,0,0,1,0
group_229,0,0,1,0,0,0,0,1,1,1,1,1,0,0,1,1,1,0,0
group_220,1,1,1,1,1,1,1,0,0,0,0,0,1,0,0,0,0,1,0
group_173,1,1,0,1,1,1,1,0,0,0,0,0,0,1,0,0,0,1,1
group_118,1,1,0,1,1,1,1,0,0,0,0,0,0,1,0,0,0,1,1
group_113,1,1,0,1,1,1,1,0,0,0,0,0,0,1,0,0,0,1,1
group_108,1,1,0,1,1,1,1,0,0,0,0,0,0,1,0,0,0,1,1
group_106,1,1,0,1,1,1,1,0,0,0,0,0,0,1,0,0,0,1,1
group_105,1,1,0,1,1,1,1,0,0,0,0,0,0,1,0,0,0,1,1
group_97,1,1,0,1,1,1,1,0,0,0,0,0,0,1,0,0,0,1,1
group_47,1,1,0,1,1,1,1,0,0,0,0,0,0,1,0,0,0,1,1
group_215,1,1,0,1,1,0,1,0,0,0,0,0,0,1,0,0,0,1,1
group_150,0,0,1,0,0,0,0,1,1,1,1,1,0,0,1,0,1,0,0
group_378,0,0,0,0,0,0,0,1,1,0,1,1,0,0,1,1,1,0,0
group_307,0,0,1,0,0,0,0,1,1,0,1,0,1,0,1,0,1,0,0
group_258,0,0,1,0,0,0,0,1,0,1,1,0,0,1,1,0,1,0,0
group_152,1,1,0,1,1,1,0,0,0,0,0,0,0,0,0,0,0,1,1
group_142,1,1,0,1,1,1,0,0,0,0,0,0,0,0,0,0,0,1,1
group_750,0,0,0,0,0,0,0,1,0,1,0,1,1,0,1,0,1,0,0
group_736,0,0,0,0,0,0,0,1,0,1,0,1,1,0,1,0,1,0,0
group_262,0,1,0,0,1,1,0,0,0,0,0,0,0,0,0,1,0,1,1
group_259,0,0,0,1,0,0,0,1,0,0,1,0,0,0,1,0,1,0,1
group_78,0,0,1,0,0,0,0,0,1,0,1,1,0,1,0,1,0,0,0
group_630,0,1,0,0,1,1,0,0,0,0,0,0,1,0,0,0,0,1,0
group_615,0,0,0,0,0,0,0,0,1,0,1,0,1,0,0,1,0,1,0
group_590,0,1,0,0,1,1,0,0,0,0,0,0,1,0,0,0,0,1,0
group_554,0,1,0,0,1,1,0,0,0,0,0,0,1,0,0,0,0,1,0
group_510,0,1,0,0,1,1,0,0,0,0,0,0,1,0,0,0,0,1,0
group_487,0,0,0,0,0,0,0,1,0,1,0,1,0,0,1,0,1,0,0
group_453,0,1,0,0,1,1,0,0,0,0,0,0,1,0,0,0,0,1,0
group_452,0,1,0,0,1,1,0,0,0,0,0,0,1,0,0,0,0,1,0
group_451,0,1,0,0,1,1,0,0,0,0,0,0,1,0,0,0,0,1,0
group_363,0,1,0,0,1,1,0,0,0,0,0,0,1,0,0,0,0,1,0
group_362,0,1,0,0,1,1,0,0,0,0,0,0,1,0,0,0,0,1,0
group_361,0,1,0,0,1,1,0,0,0,0,0,0,1,0,0,0,0,1,0
group_360,0,1,0,0,1,1,0,0,0,0,0,0,1,0,0,0,0,1,0
group_347,0,0,1,0,0,0,0,1,0,1,1,0,0,0,0,0,1,0,0
group_254,0,0,0,0,0,0,0,1,0,1,0,0,0,0,1,1,1,0,0
group_250,0,0,0,0,0,0,0,1,0,1,0,1,0,0,1,0,1,0,0
group_247,0,0,0,0,0,0,0,1,0,1,0,0,0,0,1,1,1,0,0
group_240,0,0,1,0,0,0,0,0,1,0,1,0,0,1,0,1,0,0,0
fusA,0,1,0,0,1,1,0,0,0,0,0,0,1,0,0,0,0,1,0
rpsL,0,1,0,0,1,1,0,0,0,0,0,0,1,0,0,0,0,1,0
group_224,0,1,0,0,1,1,0,0,0,0,0,0,1,0,0,0,0,1,0
group_181,0,0,0,0,0,0,0,1,0,1,0,1,0,0,1,0,1,0,0
group_103,0,0,1,0,0,0,0,0,1,0,1,0,0,1,0,1,0,0,0
group_370,0,0,1,0,0,0,0,0,1,0,1,1,0,0,0,0,0,0,0
group_346,0,0,1,0,0,0,0,0,1,0,1,1,0,0,0,0,0,0,0
group_226,0,0,0,0,0,0,0,1,0,1,0,0,0,0,1,0,1,0,0
group_225,0,0,0,0,0,0,0,1,0,1,0,0,0,0,1,0,1,0,0
group_223,0,1,0,0,1,1,0,0,0,0,0,0,0,0,0,0,0,1,0
group_179,0,0,0,0,0,0,0,1,0,1,0,0,0,0,1,0,1,0,0
group_165,0,0,1,0,0,0,0,1,1,0,1,0,0,0,0,0,0,0,0
group_124,0,0,0,0,0,0,0,1,0,1,0,0,0,0,1,0,1,0,0
rplE,0,1,0,0,1,1,0,0,0,0,0,0,0,0,0,0,0,1,0
group_81,0,0,0,0,0,0,0,1,0,1,0,0,0,0,1,0,1,0,0
group_64,0,1,0,0,1,1,0,0,0,0,0,0,0,0,0,0,0,1,0
group_325,0,0,0,0,0,0,0,0,1,0,0,1,0,0,0,1,0,0,0
group_227,0,0,0,0,0,0,0,1,0,1,0,0,0,0,0,0,1,0,0
group_219,0,0,0,0,0,0,1,0,1,0,0,0,0,1,0,0,0,0,0
group_185,0,0,1,0,0,0,0,0,1,0,1,0,0,0,0,0,0,0,0
group_104,0,0,0,0,0,0,0,1,0,1,0,0,0,0,0,0,1,0,0
group_839,0,0,0,0,0,0,0,0,0,1,0,0,0,0,0,0,1,0,0
group_830,1,0,0,1,0,0,0,0,0,0,0,0,0,0,0,0,0,0,0
group_811,0,0,0,0,0,0,0,0,0,0,0,1,1,0,0,0,0,0,0
group_788,0,0,0,0,0,0,0,0,0,0,0,1,1,0,0,0,0,0,0
group_379,0,0,0,0,0,0,0,0,0,0,0,1,0,0,0,1,0,0,0
group_374,0,0,0,0,0,0,0,0,0,0,0,1,0,0,0,0,1,0,0
group_244,0,0,0,0,0,0,0,0,0,0,0,1,0,0,0,1,0,0,0
group_214,0,0,0,0,0,0,0,0,0,0,0,0,0,0,0,1,1,0,0
group_198,0,0,0,0,0,0,0,0,0,0,0,1,0,0,0,1,0,0,0
group_151,0,0,0,0,0,0,0,0,1,0,0,1,0,0,0,0,0,0,0
group_139,0,0,0,0,0,0,0,0,0,0,1,0,0,0,1,0,0,0,0
group_122,0,0,0,0,0,0,0,0,0,0,0,1,0,0,1,0,0,0,0
group_100,0,0,0,0,0,0,0,0,1,0,1,0,0,0,0,0,0,0,0
group_14,0,0,0,0,1,1,0,0,0,0,0,0,0,0,0,0,0,0,0
group_838,0,0,0,0,0,0,0,0,0,0,0,0,0,1,0,0,0,0,0
group_837,0,0,0,0,0,0,0,0,0,0,0,0,0,1,0,0,0,0,0
group_836,0,0,0,0,0,0,0,0,0,0,0,0,0,0,0,0,1,0,0
group_835,0,0,0,0,0,0,0,0,0,0,0,0,1,0,0,0,0,0,0
group_834,0,0,0,0,0,0,0,0,0,0,0,0,1,0,0,0,0,0,0
group_833,0,0,0,0,0,0,0,0,0,0,0,0,1,0,0,0,0,0,0
group_832,0,0,0,0,0,0,0,0,0,0,0,1,0,0,0,0,0,0,0
group_831,0,0,0,0,0,0,0,0,0,0,1,0,0,0,0,0,0,0,0
group_212,0,0,0,0,0,0,0,0,0,0,0,0,0,0,0,0,1,0,0
group_211,0,0,0,0,0,0,0,0,0,0,1,0,0,0,0,0,0,0,0
group_210,0,0,0,0,0,0,0,0,0,0,1,0,0,0,0,0,0,0,0
group_209,1,0,0,0,0,0,0,0,0,0,0,0,0,0,0,0,0,0,0
group_208,1,0,0,0,0,0,0,0,0,0,0,0,0,0,0,0,0,0,0
recG,1,0,0,0,0,0,0,0,0,0,0,0,0,0,0,0,0,0,0
glmS,1,0,0,0,0,0,0,0,0,0,0,0,0,0,0,0,0,0,0
glmU,1,0,0,0,0,0,0,0,0,0,0,0,0,0,0,0,0,0,0
group_207,1,0,0,0,0,0,0,0,0,0,0,0,0,0,0,0,0,0,0
group_206,1,0,0,0,0,0,0,0,0,0,0,0,0,0,0,0,0,0,0
group_205,1,0,0,0,0,0,0,0,0,0,0,0,0,0,0,0,0,0,0
dgt,1,0,0,0,0,0,0,0,0,0,0,0,0,0,0,0,0,0,0
group_204,0,0,0,0,0,0,0,0,0,0,0,0,1,0,0,0,0,0,0
group_201,0,0,0,0,0,0,0,0,0,0,0,0,1,0,0,0,0,0,0
group_200,0,0,0,0,0,0,0,0,0,0,0,0,1,0,0,0,0,0,0
group_197,0,0,0,0,0,0,0,0,0,0,0,1,0,0,0,0,0,0,0
group_196,0,0,0,0,0,0,0,0,0,0,0,0,1,0,0,0,0,0,0
group_195,0,0,0,0,0,0,0,0,0,0,0,0,1,0,0,0,0,0,0
group_194,0,0,0,0,0,0,0,0,0,0,0,0,0,1,0,0,0,0,0
group_193,0,0,0,0,0,0,0,0,0,0,0,0,1,0,0,0,0,0,0
group_192,0,0,0,0,0,0,0,0,0,0,0,0,1,0,0,0,0,0,0
group_187,0,0,0,0,0,0,0,0,0,0,0,0,1,0,0,0,0,0,0
group_186,0,0,0,0,0,0,0,0,0,0,0,0,1,0,0,0,0,0,0
group_184,0,0,0,0,0,0,0,0,0,0,0,0,0,0,0,1,0,0,0
group_183,0,0,0,0,0,0,0,0,0,0,0,0,1,0,0,0,0,0,0
group_182,0,0,0,0,0,0,0,0,0,0,0,0,1,0,0,0,0,0,0
group_180,0,0,0,0,0,0,0,0,0,0,0,1,0,0,0,0,0,0,0
group_178,0,0,0,0,0,0,0,0,0,0,0,0,1,0,0,0,0,0,0
group_177,0,0,0,0,0,0,0,0,0,0,0,0,1,0,0,0,0,0,0
group_175,0,0,0,0,0,0,0,0,0,0,0,0,0,0,1,0,0,0,0
group_171,0,0,0,0,0,0,0,0,0,0,0,0,1,0,0,0,0,0,0
group_170,0,0,0,0,0,0,0,0,0,0,0,1,0,0,0,0,0,0,0
group_169,0,0,0,0,0,0,0,0,0,0,0,0,1,0,0,0,0,0,0
group_168,0,0,0,0,0,0,0,0,0,0,0,0,1,0,0,0,0,0,0
group_166,0,0,0,0,0,0,0,0,0,0,0,0,1,0,0,0,0,0,0
group_162,0,0,0,0,0,0,0,0,0,0,0,0,1,0,0,0,0,0,0
group_161,0,0,0,0,0,0,0,0,0,0,0,0,1,0,0,0,0,0,0
group_159,0,0,0,0,0,0,0,0,0,0,0,1,0,0,0,0,0,0,0
group_155,0,0,0,0,0,0,0,0,0,0,0,0,1,0,0,0,0,0,0
group_154,0,0,0,0,0,0,0,0,0,0,0,0,1,0,0,0,0,0,0
group_153,0,0,0,0,0,0,0,0,0,0,0,0,0,0,0,1,0,0,0
group_148,0,0,0,0,0,0,0,0,0,0,0,0,0,0,1,0,0,0,0
group_146,0,0,1,0,0,0,0,0,0,0,0,0,0,0,0,0,0,0,0
group_143,0,0,0,0,0,0,0,0,0,0,0,1,0,0,0,0,0,0,0
group_141,0,0,0,0,0,0,0,0,0,0,0,1,0,0,0,0,0,0,0
group_136,0,0,0,0,0,0,0,0,0,0,0,1,0,0,0,0,0,0,0
group_134,0,0,0,0,0,0,0,0,0,0,0,0,0,0,1,0,0,0,0
group_132,0,0,0,0,0,0,0,0,0,0,0,0,1,0,0,0,0,0,0
group_129,0,0,0,0,0,0,0,0,0,0,0,1,0,0,0,0,0,0,0
group_127,0,0,0,0,0,0,0,0,0,0,0,1,0,0,0,0,0,0,0
group_125,0,0,0,0,0,0,0,0,0,0,0,0,1,0,0,0,0,0,0
group_121,0,0,0,0,0,0,0,0,0,0,0,0,1,0,0,0,0,0,0
group_120,0,0,0,0,0,0,0,0,0,0,0,1,0,0,0,0,0,0,0
group_117,0,0,0,0,0,0,1,0,0,0,0,0,0,0,0,0,0,0,0
group_115,0,0,0,0,0,0,0,0,0,0,0,1,0,0,0,0,0,0,0
group_114,0,0,0,0,0,0,0,1,0,0,0,0,0,0,0,0,0,0,0
group_112,0,0,0,0,0,0,0,0,0,0,0,1,0,0,0,0,0,0,0
group_111,0,0,0,0,0,0,0,0,0,0,0,1,0,0,0,0,0,0,0
group_109,0,0,0,0,0,0,0,0,0,0,0,1,0,0,0,0,0,0,0
group_107,0,0,0,0,0,0,0,0,0,0,0,0,1,0,0,0,0,0,0
group_101,0,0,0,0,0,0,0,0,0,0,0,1,0,0,0,0,0,0,0
group_98,0,0,0,0,0,0,0,0,0,0,0,0,1,0,0,0,0,0,0
group_96,0,0,0,0,0,0,0,0,0,0,0,1,0,0,0,0,0,0,0
group_94,0,0,0,0,0,0,0,0,0,0,0,1,0,0,0,0,0,0,0
group_92,0,0,0,0,0,0,0,0,0,0,0,0,0,0,0,1,0,0,0
group_90,0,0,0,0,0,0,0,0,0,0,0,0,1,0,0,0,0,0,0
group_89,0,0,0,0,0,0,0,0,0,0,0,1,0,0,0,0,0,0,0
group_88,0,0,0,0,0,0,0,0,0,0,0,1,0,0,0,0,0,0,0
group_87,0,0,0,0,0,0,0,0,0,0,0,1,0,0,0,0,0,0,0
group_85,0,0,0,0,0,0,0,0,0,0,0,1,0,0,0,0,0,0,0
group_84,0,0,0,0,0,0,0,0,0,0,0,0,1,0,0,0,0,0,0
group_83,0,0,0,0,0,0,0,0,0,0,0,0,1,0,0,0,0,0,0
group_82,0,0,0,0,0,0,0,0,0,0,0,1,0,0,0,0,0,0,0
group_77,0,0,0,0,0,0,0,0,0,0,0,1,0,0,0,0,0,0,0
group_76,0,0,0,0,0,0,0,0,0,0,0,1,0,0,0,0,0,0,0
group_75,0,0,0,0,0,0,0,0,0,0,0,1,0,0,0,0,0,0,0
group_74,0,0,0,0,0,0,0,0,0,0,0,1,0,0,0,0,0,0,0
group_71,0,0,0,0,0,0,0,0,0,0,0,0,1,0,0,0,0,0,0
group_70,0,0,0,0,0,0,0,0,0,0,0,1,0,0,0,0,0,0,0
group_66,0,0,0,0,0,0,0,0,0,0,0,0,1,0,0,0,0,0,0
group_65,0,0,0,0,0,0,0,0,0,0,0,1,0,0,0,0,0,0,0
group_63,0,0,0,0,0,0,0,0,0,0,0,1,0,0,0,0,0,0,0
group_62,0,0,0,0,0,0,0,0,0,0,0,1,0,0,0,0,0,0,0
group_61,0,0,0,0,0,0,0,0,0,0,0,1,0,0,0,0,0,0,0
group_58,0,0,0,0,0,0,0,0,0,0,0,1,0,0,0,0,0,0,0
group_57,0,0,0,0,0,0,0,0,0,0,0,1,0,0,0,0,0,0,0
group_56,0,0,0,0,0,0,0,0,0,0,0,1,0,0,0,0,0,0,0
group_55,0,0,0,0,0,0,0,0,0,0,0,1,0,0,0,0,0,0,0
group_53,0,0,0,0,0,0,0,0,0,0,0,1,0,0,0,0,0,0,0
group_52,0,0,0,0,0,0,0,0,0,0,0,1,0,0,0,0,0,0,0
group_45,0,0,0,0,0,0,0,0,0,0,0,0,0,0,1,0,0,0,0
group_41,0,0,0,0,0,0,0,0,0,0,0,1,0,0,0,0,0,0,0
group_39,0,0,0,0,0,0,0,0,0,0,0,1,0,0,0,0,0,0,0
group_38,1,0,0,0,0,0,0,0,0,0,0,0,0,0,0,0,0,0,0
group_35,0,0,0,0,0,0,0,0,0,0,0,1,0,0,0,0,0,0,0
group_34,0,0,0,0,0,0,0,0,0,0,0,0,1,0,0,0,0,0,0
group_33,0,0,0,0,0,0,0,0,0,0,0,1,0,0,0,0,0,0,0
group_32,0,0,0,0,0,0,0,0,0,0,0,1,0,0,0,0,0,0,0
group_31,1,0,0,0,0,0,0,0,0,0,0,0,0,0,0,0,0,0,0
group_30,0,0,0,0,0,0,0,0,0,0,0,1,0,0,0,0,0,0,0
group_29,0,0,0,0,0,0,0,0,0,0,0,1,0,0,0,0,0,0,0
group_28,0,0,0,0,0,0,0,0,0,0,0,0,1,0,0,0,0,0,0
group_26,0,0,0,0,0,0,0,0,0,0,0,0,1,0,0,0,0,0,0
group_23,0,0,0,0,0,0,0,0,0,0,0,1,0,0,0,0,0,0,0
group_18,0,0,0,0,0,0,0,0,0,0,0,1,0,0,0,0,0,0,0
group_15,0,0,0,0,0,0,0,0,0,0,0,1,0,0,0,0,0,0,0
group_9,0,0,0,0,0,0,0,0,0,0,0,1,0,0,0,0,0,0,0
group_7,0,0,0,0,0,0,0,0,0,0,0,1,0,0,0,0,0,0,0
group_5,0,0,0,0,0,0,0,0,0,0,0,0,1,0,0,0,0,0,0
group_4,0,0,0,0,0,0,0,0,0,0,0,1,0,0,0,0,0,0,0
group_3,0,0,0,0,0,0,0,0,0,0,0,1,0,0,0,0,0,0,0
group_1,0,0,0,0,0,0,0,0,0,0,0,0,1,0,0,0,0,0,0
group_0,0,0,0,0,0,0,0,0,0,0,0,1,0,0,0,0,0,0,0
